Sequence,Label
HFYYPCDIGSEDGYKQFIERARNGQKGHVGRASDFVSCCQRAVIFMQVYVELFCIHTPHALFYIAMHEVYQKYVVCTHGGCEKKWQIQREEWPWHRCSKHYCYKKDAQT,0
DQSSEMSVCGEYMFGRGPPDPMLTQLTSRPFQWQLYIEIEWKHYQEYKRHVQNDQSWQLPTNEMTVKADRRTASICQYFENIKKCDNGRQSSCSSLQHAIWKGMNIFGLFNRNMFMSECAFHDQQGQNQYFCKPQIFPYEYGLTYCREVYDSTWELPQFAANMQWGDWWTGFVGISSQLKLHVKMVGNCMFFRTMIEHRHSARHIPERNHHFSHCPYAGEEPHMWYLQIRKMAAWLVTYPILEMMCHDWRNIEAG,0
Parathyroid hormone  SVSEIQLMHNLGKHLNSMERVEWLRKKLQDVHNFVALGAPLAPRDAGSQRPRKKEDNVLVESHEKSLGEADKADVNVLTKAKSQ,1
LVPEKEKDPKYWRDQAQETLKYALELQKLNTNVAKNVIMFLGDGMGVSTVTAARILKGQLHHNPGEETRLEMDKFPFVALSKTYNTNAQVPDSAGTATAYLCGVKANEGTVGVSAATERSRCNTTQGNEVTSILRWAKDAGKSVGIVTTTRVNHATPSAAYAHSADRDWYSDNEMPPEALSQGCKDIAYQLMHNIRDIDVIMGGGRKYMYPKNKTDVEYESDEKARGTRLDGLDLVDTWKSFKPRYKHSHFIWNRTELLTLDPHNVDYLLGLFEPGDMQYELNRNNVTDPSLSEMVVVAIQILRKNPKGFFLLVEGGRIDHGHHEGKAKQALHEAVEMDRAIGQAGSLTSSEDTLTVVTADHSHVFTFGGYTPRGNSIFGLAPMLSDTDKKPFTAILYGNGPGYKVVGGERENVSMVDYAHNNYQAQSAVPLRHETHGGEDVAVFSKGPMAHLLHGVHEQNYVPHVMAYAACIGANLGHCAPASSLKDKTHTCPPCPAPELLGGPSVFLFPPKPKDTLMISRTPEVTCVVVDVSHEDPEVKFNWYVDGVEVHNAKTKPREEQYNSTYRVVSVLTVLHQDWLNGKEYKCKVSNKALPAPIEKTISKAKGQPREPQVYTLPPSREEMTKNQVSLTCLVKGFYPSDIAVEWESNGQPENNYKTTPPVLDSDGSFFLYSKLTVDKSRWQQGNVFSCSVMHEALHNHYTQKSLSLSPGKDIDDDDDDDDDD,1
Alpha chain:APDVQDCPECTLQENPFFSQPGAPILQCMGCCFSRAYPTPLRSKKTMLVQKNVTSESTCCVAKSYNRVTVMGGFKVENHTACHCSTCYYHKSBeta chain:FCIPTEYTMHIERRECAYCLTINTTICAGYCMTRDINGKLFLPKYALSQDVCTYRDFIYRTVEIPGCPLHVAPYFSYPVALSCKCGKCNTDYSDCIHEAIKTNYCTKPQKSY,1
HSQGTFTSDYSKYLDSRRAQDFVQWLMNT,1
KTPPYSKQcEYVPKVTVQGPYQILDTCGHTSKVGTHGERADVTVALSLVTQASQSVYDMVQEPSEAESPGPQQMVFATSEEGYMLVLKYYYGIIQCKTVNATQFLSEVTATNNLSFLSWDGSHAAKVGATG PVQSLNGPRSVCYWSSVSDTSSTCHPDSLPKMRSPYVVKASLKDLKTYPMAKTKSTHTPDMPYQASvYVVDTLDNPNYKGPVYSVVLLTAIVRNAVALVCTPQKFNQNAY HCEDGCFVTQSPSKHCYDSWGGIGSQELTPVSPYPAWTTPCKVTCVGVRSPQFPEDTTSQLSSSAQTSVGKKFPVVAPSKCYLSERVKSSVLNKNiPYTHDVGKPIMNLIPQVETSSKSSaSVRCWDTAIYVSPLLKTKSPSQGWSLHTENRSSKNYSYRTIKSESVVSEVPQYPTHNFIAKSADhLETLVNVFFTTILGASQANLiCFRSESKLSeRVSIPWGIVAVVNEAWKRWLQAVGWFKHNCHAVFAPISCDLKLTFSFFSKCTTGMnVWDQTLTSRAGSASLPLEWSYSKTILENWL YRVSEhSPYFSKIPNSFEPaNHGGTPQWTMViLGDYGTyY MGEIFETTQLSTKSAtMEDESKVETVDQHRKDDGLSaKDGYNFVPSVhANPSScILEDLPYKN RTSVSSITGgKAGSNAEDGnPPASP,0
YTSLIHSLIEESQNQQEKNEQELLELDKWASLWNWF,1
HSAVKPSPPEWNGTDLFPLFSLTEMEGEGSRGGEASIKQ,0
HSEVASTCDPKMDYQNESMDNAGVDMRRIQWYEGETWTCNHWLQINTYFPAQENAQLPEFRMWSMSMSCDDIKRCPYDKQNHVISKHCSGLQEWELLYCDIDQSMICARCFYGQIKSENQRRTTKTYWEPRCNGEPNIFMGDPCMMHSCQGWDPGHWLYRLHSPDDYAPTGEYAGTHKKHTQLKLHLLRNMCVLYIHCCSVFRHCGAIHDHHNNKMWPDCRLVVEPRTQNLTVASRMMCHRLASASEALGRHIVNADKINLARGSDKKFMNATVRYSSDRCPRKQKGWLGTDYQEWRLRICSDLHIGVYTVWGQPHPVCDQKYNQSGHRYPHYRAKELLIAMCWAAMYTMWMFTRGVVCDIRTLEIVMSRMQQFIRNHMYSYLLKRNWTMLQNCVPYQHWMDLVREGDTWMHGPAFIVPTEVAILQMSQEFTMGLETQTFRGHNFAFMYSDGDMHSEYDPTVHWTTQYKNMQMYEFHANGMPHLVKQVSGNVLCNNKDHHRRWYMSVESKEDRVHSFERGAYWCHINNQITWPTYFETSKFCGYQVPDYARFAIREKWEPGPKAAWDPPDVTFAFSKFCFFDCFHQSNTDTDTEARYTEEIITMCYDAPYNYRHTYANENFPIGCYFILYPWCTRYSQGFWPVRWHDFHRNIIMYYEINFNLCVANRPPGGSKKARVIKVRFWARQSATMFPRFYRVKKFIYWSHARMVHCTFDQKTWFHELREVCMGVDGQMTFSLLRGKSVLVANSPKEGQMYPLPCHDYFGEDYYIPQELFEISNWLQYHCLCCKQFYKYCEEVHRRHYNYIEVWRMPGFIMCNEESPRYCAFMTKMPPFWMSTGHKWAWWNCMHVAHDPWPQVCMYPYDRWVNKSVWANHNV,0
TYKKNDEVEFVRTGYGKDMIKVLHIQRDGKYHSIKEVATTVQLTLSSKKDYLHGDNSDVIPTDTIKNTVNVLAKFKGIKSIETFAVTICEHFLSSFKHVIRAQVYVEEVPWKRFEKNGVKHVHAFIYTPTGTHFCEVEQIRNGPPVIHSGIKDLKVLKTTQSGFEGFIKDQFTTLPEVKDRCFATQVYCKWRYHQGRDVDFEATWDTVRSIVLQKFAGPYDKGEYSPSVQKTLYDIQVLTLGQVPEIEDMEISLPNIHYLNIDMSKMGLINKEEVLLPLDNPYGKITGTVKRKLSSRL,1
CYCQDPYVKEAENLKKYFNAGHSDVADNGTLFLGILKNWKEESDRKIMQSQIVSFYFKLFKNFKDDQSIQKSVETIKEDMNVKFFNSNKKKRDDFEKLTNYSVTDLNVQRKAIHELIQVMAELSPAAKTGKRKRSQMLFRGRRASQ,1
CYFQNCPRG,1
TPYNSTTPLLKGTARNTACLiFIVACAPGSPLRSTGSGSHRTYALET MWWNY YLGDPKTiCGSGSGSSVGDGLTWDYPVQTETVPMPGPSVKQYTYY RSSLPVnKDVC-LTtaSVVERTGPRPRSLLSFESITVSSQeAWAFPTRLKAGTaFKSRYCEIEKVHVTAFTGNQPSGKLASAFPVYTQSPGALSNPyENSCFSLTGAYDQKhALTGPCILVhcAnDVLLQYCAVMTSRKSFv1VGKVDVPNDSEN,0
YNYYQDVRVQNNKLEGCEWYWEVLRMEY,0
A chain GIVEQCCTSICSLYQLENYCN B chain FVNQHLCGSHLVEALYLVCGERGFFYTPKT,1
SGLEQIGTKLDAIATKNTMWVIKISNTGRTLTGTSGYNFNPSQLIKEEFHYPHSCRDDPFLIDLRTGISRAEINEWVLLKRVECLTETEFIPLDHVHLTHSAFCIAIVSRSDPTGGDQTDTKPTGNRSTPGESNMIISREYHGTKVPFCGFHKPKHMDMPPCTSFVITKYATSVNPCEKTVMLLENTEYKGVVSKPEPIVLSPYCRLPGVEPGLSTKDDLRRKLKVKVSLLVIIDTLTKTVSTKQLVVEVHDNLS,0
MGADDVVDSSKSFVMENFSSYHGTKPGYVDSIQKGIQKPKSGTQGNYDDDWKGFYSTDNKYDAAGYSVDNENPLSGKAGGVVKVTYPGLTKVLALKVDNAETIKKELGLSLTEPLMEQVGTEEFIKRFGDGASRVVLSLPFAEGSSSVEYINNWEQAKALSVELEINFETRGKRGQDAMYEYMAQACAGNRVRRSVGSSLSCINLDWDVIRDKTKTKIESLKEHGPIKNKMSESPNKTVSEEKAKQYLEEFHQTA,1
MAQTPAFNKPKVELHVHLDGAIKPETILYYGRKRGIALPADTPEELQNIIGMDKPLSLPEFLAKFDYYMPAIAGCREAVKRIAYEFVEMKAKDGVVYVEVRYSPHLLANSKVEPIPWNQAEGDLTPDEVVSLVNQGLQEGERDFGVKVRSILCCMRHQPSWSSEVVELCKKYREQTVVAIDLAGDETIEGSSLFPGHVKAYAEAVKSGVHRTVHAGEVGSANVVKEAVDTLKTERLGHGYHTLEDATLYNRLRQE,1
Heavy chain EVQLLESGGGLVQPGGSLRLSCAASGFTFSSYAMSWVRQAPGKGLEWVSGITGSGGSTYYADSVKGRFTISRDNSKNTLYLQMNSLRAEDTAVYYCAKDPGTTVIMSWFDPWGQGTLVTVSSASTKGPSVFPLAPSSKSTSGGTAALGCLVKDYFPEPVTVSWNSGALTSGVHTFPAVLQSSGLYSLSSVVTVPSSSLGTQTYICNVNHKPSNTKVDKKVEPKSCDKTHTCPPCPAPELLGGP,1
CINFGQTFQMMTGDDHWHRVGVLAKYELEQWPAERLAKCIMPQMTGHMHHNVTACEWDCNYMLWCEFWRVFLSPRPRGVDTCDPRCVCDAANCPISFYDYLSRLEDSECDNQKNHDWSGRMGMKLMASFIPDMAHHAHGLVPLKGLELWEPALITHRDVCSQYQASPNSERKNKFLDPSFHTIFLFPGTFYRLYQTDTVPRTQSGKVTEVMFRGNNVSIYLWVLSLDYMIKRKCFQRTHSIWMECSSITRPCGTQ,0
nN-ptooeirn,0
EWDAVIYKrLeRoQChNPQMPLSeGVRnHSnTlDENSTREASSHLIr FQLLLSSTFSnELIERGEHVYpTAaL-TEVLFRlMKtCDDPLLSEaRSQVAQICKaTIf FRALANAKESHRLEQQG DRCIKCMAFAFLNDIVMDQaHRDKTD MLDDLANCInoWSFMEQQLERSIGKFLEEYTFKMPLFEGTEMDPTE-QDRLfRSALSPDPe2eQRQLQFhLNC1QLpGRPA ILNLYLTFEtLKTRSSFKKL,0
SYQGNSDCYFGNGSAYRGTHSLTESGASCLPWNSMILIGKVYTAQNPSAQALGLGKHNYCRNPDGDAKPWCHVLKNRRLTWEYCDVPSCSTCGLRQYSQPQFRIKGGLFADIASHPWQAAIFAKHRRSPGERFLCGGILISSCWILSAAHCFQERFPPHHLTVILGRTYRVVPGEEEQKFEVEKYIVHKEFDDDTYDNDIALLQLKSDSSRCAQESSVVRTVCLPPADLQLPDWTECELSGYGKHEALSPFYSER,1
SDAAVDTSSEITTKDLKEKKEVVEEAEN,1
AKYLAIIKGQHVTSFEGGFTDGRSEEAVWELAS,0
YLGSYALS VGGPGKRAQSATCSVHLLHSCCVFVNSTGLRFSFEDSSSDALNGVCTnLPVSSNVVQVEHPVGTTDLSVEKTRAKVTLESIGVTTCPIPQVNDCRDVTTWSLAGCYVAWWLAT PSTAPSNSTVLLVASLYKySASDTGAPFQGVSGGYSMFFPHLvATEYYLSYTKGS 1LPKQTNFGPTKPYMKRTPGPKNPPCSIRGaVSSKRQViAQPEPFTaFQVTWTD:KehSGTHLKPGSEKQSTVLGD,0
MKWVTFISLLFLFSSAYSRGVFRRDAHKSEVAHRFKDLGEENFKALVLIAFAQYLQQCPFEDHVKLVNEVTEFAKTCVADESAENCDKSLHTLFGDKLCTVATLRETYGEMADCCAKQEPERNECFLQHKDDNPNLPRLVRPEVDVMCTAFHDNEETFLKKYLYEIARRHPYFYAPELLFFAKRYKAAFTECCQAADKAACLLPKLDELRDEGKASSAKQGLKCASLQKFGERAFKAWAVARLSQRFPKAEFAEV,1
GGCMPCFKTDICMQGVFQEHFMVDQIYNGEVQRRALFMHYKQFTTSAYWSGGMITGWQHKTMDAVLQVIMMHMITCAFDCDNWFKNTEPYTGRMVHVQGAYVVENRHTKMLCFKVMFVVYDKGPICWHNFVYSQLYPHEIWWACQTQCCDHQATGKPIIYCMTAVSSDSEGWKGMCHVMIQTRTFRYLWWCDCKFHSNFWCTHGGRNNEEFMLVWQVGHRSFKRMMYDEYVCSRCWYSEHMDHVAPGVTQQMPWDGPQQMWIAVVCECVCQTAGADSWNYPDYDKHFTMGADDTTMVMVYSFNDPIGIWVNKTRWPAPMEFEYYCWQYGTSGKITDILAFEMFSKSCYQPRFSIRDNQMDFMTSGANTGQFDYPTYYQCRKHLDQIPAWSEGHETTSGYKFNFMCQYAKAPLWNVWGGWMCGHSCFKRPLLRNHAHWKYRNIHNFGGFLYTKVGAKARISPGEQCMTQCPLWRIGFAFSTNTTCEMEQTQETAKCSFVINKSHDSVYEGWAFPIGHSAMVTPHDTDKAFGDVMREVKGIDERDKIGGCKHHHTDMMAPLAICSLDQSGHPHWKHTTPVHKCMVTWKVCDHSWTENAIMRFEDGGCETPNFDINCRMHCPYFCPVHKKMWMCGSQCHYDWLDHNDVCPFNSFPLKLACVQINSDWSWIDIQIQTPICTHKPATSMMIKDTPSIWQYVTISDFAFWVTIQSRDSHQWQTGQIAGPLNAYYKDFKALSTVRCQAVLQPVKQWNRKTMWVEPTCLIPGDVSASCACVSVYQHYGCPHFFLTESKGFQGSVGNMSGFKGYSCDHRLRIEPTIIEAADEQDFKDMMVCAYVTIESAVPCQFKMGLMALCETPYQPEYKPLQWSEQSHSPYGQCAWIAYPKLTLCWGEPGAEQDEATGSYYEPGNQWNWHMGFVMVEKWDGIPYFMLVMCWYRNTYWKYNPNFDLNPMPDSVLRSWNIEPPNALHVFAYNVWEFFRPHLSHFGDPHCMQHHTERMKWRPFFPPEADPVGMKFRAAITPGLWHTICWCCSIISAPNEMLIKVSHPVNVSHWGKSKKNMAYWTHWHAAHLHCVLIGLLFWEEAKEPGKQQKSDLKPKEYGLGSIRYPQFRLNYWTLCAVPSHFDCNVNCNNAWAVSHGQCVCSFRKYCENFSKAGMDWSNHVETAQHDAWEFATYFNCCVQKCGMLFALWVVCETLTMCMWNTHDSHKVTRHPASYWDDYIRMSRAGDAVERMSWTEIGTRGPKLTCMREGQGQHTWVMGHSHDQEYYRDEYAWEWSHRFILIEPGYRRIFQTVFVTQCARWQEPPLHIENPPPMPHRSHYIHMVAWDQMMRIILYQ,0
Elspar Sequence: QMSLQQELRYIEALSAIVETGQKMLEAGESALDVVTEAVRLLEECPLFNAGIGAVFTRDETHELDACVMDGNTLKAGAVAGVSHLRNPVLAARLVMEQSPHVMMIGEGAENFAFARGMERVSPEIFSTSLRYEQLLAARKEGATVLDHSGAPLDEKQKMGTVGAVALDLDGNLAAATSTGGMTNKLPGRVGDSPLVGAGCYANNASVAVSCTGTGEVFIRALAAYDIAALMDYGGLSL,1
SLGSLTIAEPAMIAECKTRTEVFEISRRLIDRTNANFLVWPPCVEVQRCSGCCNNRNVQCRPTQVQLRPVQVRKIEIVRKKPIFKKATVTLEDHLACKCETVAAARPVT,1
PVNTAFFaQYpQDtDGDCGaGWAFHrDPDVVQIGGIaISWTASHGGSHKaNQPYQDNDKILSLQAihERANLHSVDaEyFDLEIVCLA PYFYVYVGENnSPWPFmGDAWClNCIPSLPKLaNASRVVCDTKPYWILeSDMRGNGWcSRAIPNKRKNTYeGVGcM EFCNIVSRSEL VKRFV:RRGTLPEIGSNDNRLRWDANGPREIsMKTSAYMNYlPFLVNPGSTASFKGHYLNTEYVRRDGVCTALANKE,0
CYIQNCPLG,1
SDIWTDGKEKPRGAEDAILTRYKYQHPREQGGGNGYTVMVNIYFDPKLLWDDFNNEKRLVKKEDIDSYVRDYAPKEPLSPINVFGSSVDLVDGNTEGNDYNAHVFTPGREVFGMQGFFYLNISLTNHYQVRNGPIMGFAYMGPNDISFTETYFDVGIILGSKTTENLNSVIPPCPSQLKIAAQHFVESTEVSYLKIAEVPIRATTEFIAPKTLIQENIIKSHTCVLSVPAPLLPNIKDLEGNYVTNRFNITIFGL,0
Heavy chain:QVQLKQSGPGLVQPSQSLSITCTVSGFSLTNYGVHWVRQSPGKGLEWLGVIWSGGNTDYNTPFTSRLSINKDNSKSQVFFKMNSLQSNDTAIYYCARALTYYDYEFAYWGQGTLVTVSAASTKGPSVFPLAPSSKSTSGGTAALGCLVKDYFPEPVTVSWNSGALTSGVHTFPAVLQSSGLYSLSSVVTVPSSSLGTQTYICNVNHKPSNTKVDKRVEPKSPKSCDKTHTCPPCPAPELLGGP,1
IDNFTDNTQPMIGRERLLCWMNCRKVYPQRSAYCDCRAQMLQCRVNCDSYSSRGGCICHTYHGHFFHDMNIGVCNGSNEPKTENRREGLIDKPGSAEVGWKDIETCFSWSSYYAMISESERMHIENCDVLKSKHTMWYLDYMCMPEWKTHIIRWLLYQCFWFQIEPHHLSHWWLRDLGGSCKGDYDHCQPELRMYRVDMTIFQGCFTWIGSDIFVERCQIWVQKLRYATERNVMVDWQAIAEKDEEKWHLSNSKA,0
FYTDDALYELKRTTSKGDTAHLPNMGSQRMEHEMMFRVDRLNDAHSNCVMTYYKTQQESKNYRLNIGHMKNVKQQQHQIMMTTCYWKKRRHQRDPHYDKYDEFRDLLHEWGDYLCLLWAPHIHHMKLMSYPEVWIGHYGSDAVPNGFHQFGESLPMLWETYFEVDVTIANHVRKSPMICVYSGSLGVSVRYSSPTCRANQGLNWKAGHSHERLWQIKSAYRNAMSDCFIVLIQWCSGAQLCWIVNMAPEKWMQEH,0
FQWCLSMALGCPWPLIYLCQNNGIDQKSYDWPISTPNWVMYMLISFRYNSHVPVGPIDLNMEPPIAHPYGFPGHPDTQKQGHQAVGVREVFSNHIRVPKYCLNHDWLQNHNWGSWDKNKWAWNDVYTSAKIYHYYNETKWYNDYAEETISDLGQCIAQYILCSCTKHSGIAHPYDMGQWRVMHTFCEAFEQDIQGHYIMHMHYPNRAPKSCFPKGTYHSPLNPNMLGFHDRTWLWPESRTLTTHQKYLIKGVFLH,0
Truncated heavy chain: APSFDCGKPQVEPKKCPGR Light chain: VVGGCVAHPHSWPWQVSLRTRFGMHFCGGTLISPEWVLTAAHCLEKSPRPSSYKVILGAHQEVNLEPHVQEIEVSRLFLEPTRKDIALLKLSSPAVITDKVIPACLPSPNYVVADRTECFITGWGETQGTFGAGLLKEAQLPVIENKVCNRYEFLNGRVQSTELCAGHLAGGTDSCQGDSGGPLVCFEKDKYILQGVTS,1
MEFFKKTALAALVMGFSGAALALPNITILATGGTIAGGGDSATKSNYTVGKVGVENLVNAVPQLKDIANVKGEQVVNIGSQDMNDNVWLTLAKKINTDCDKTDGFVITHGTDTMEETAYFLDLTVKCDKPVVMVGAMRPSTSMSADGPFNLYNAVVTAADKASANRGVLVVMNDTVLDGRDVTKTNTTDVATFKSVNYGPLGYIHNGKIDYQRTPARKHTSDTPFDVSKLNELPKVGIVYNYANASDLPAKALVD,1
IDSRTTWPSCFRRDCDPEVSQCAELAQKDQECHLLRFKFYLAQDAPDKCARVQLTELEEADPAKMCPFHRKALQYFDAVLLERFCVDLAHFGASSKVDFTIRVKVQKNASVGIATSCKMFETNAEERDCSKAQLKPLYEAVYKTKAAGVKNYGEEMTANEHLLGKEERTKLLLEAFVWRPCDAENAKAPYFSFFFAALQLAVHECYARKVNTRRVFLFYFKRHLCLKPKDSHGKALAEEALFRDNFEALLSFEFE,0
LLLMCAGPLGASSVTTSLQQTSPCiPLVSVTNYLhVGDVFTKSSPVDSSTYGSyVVVSLIWGSKTFA SCMKYNPLCVI NSGCPKLHPWYCSSSHPDSVEKaAGQSnPFVEQKTTYLSGAGEYTTRTGHTYPSTYKDFKQNHSSSAVSKLTGQPSRKTVGNaEGPPKWLAGGTALQFAMGFNvCYSGAEPDSTLPIVDHTAVKSPeSPASDWGSYKAAQTGTTWKPGSVKKAYYGYGACNV:GEQAVTKLANTV,0
ECPCHDFPVQFSLSIVYRVQMIYFDFGFNFVWYPAACHDASLSQRFKLVTGEVTLQTWYSRKLLDH,0
Light Chain:DIQMTQSPSSLSASVGDRVTITCRASKTISKYLAWXQQKPGKAPKLLIYSGSTLQSGVPSRFSGSGSGTDFTLTISSLQPEDFATYYCQQHNEYPLTFGQGTKVEIKR; Heavy Chain:EVQLVESGGGLVQPGGSLRLSCAASGYSFTGHWMNWVRQAPGKGLEWVGIMIHPSDSETRYNQKFKDIRFTISVDKSKNTLYLQMNSLRAEDTAVYYCARIGIYFYGTTYFDYIWGQGTLV,1
FPTIPLSRLFDNAMLRAHRLHQLAFDTYQEFEEAYIPKEQKYSFLQNPQTSLCFSESIPTPSNREETQQKSNLELLRISLLLIQSWLEPVQFLRSVFANSLVYGASDSNVYDLLKDLEEGIQTLMGRLEDGSPRTGQIFKQTYSKFDTNSHNDDALLKNYGLLYCFRKDMDKVETFLRIVQCRSVEGSCGF,1
HFCHCEGDPINCKKGCIVTYGSNNTRRYNKKNNRAEWGTYKTGCELLKALSWFRHDDISAKYIERLEGCRNYWNMDGRFGFYWVFWFARLLTSQMHMELVDFKIHERWCFRHTATDLSVFDEMMQCSVFDWQMACYEVSN,0
RFNYPHSKRWAAGPNESIIAYAIKVYTWKVQQCEGDYCKDGGPGWIARSDFYRIIQFENVLFHAWLRQYAYKPWVLRMGCLYHNRIGFPGVRRENGSTWATWCNPADGYLHLYWSWGAAVTLKWKIHLAGFILFKAFYEQWFFMIVKLEHFSKHGQMSWLHIWQANDWEEIPGFFWHPTPTMQQPVLILIDTFQIRRQCGDEWTGYAEGPNCNCLVVTCNDHMPKDARWLTKRKSQTNKYTPDIDAVGHAHYRGDNSQFPRSEFMHIADISHPNKQYDIHLDQFVYCEGWNMRDWIYHSAALEVHLLRPGVTKTKDKPVEPYRACKGPRILYMIPPVASISYWWTDASCCWQPMMVFRGFWTRQRKWSAQFMIVPKVDYYKYSATVMLKFWTTLRRSISEYQKPAATWAKPHVEHSNAIPSFGLTGGCDPWGNVKWCKMHWGSHRKALPRDKLVNEHLCQGCWGKFKHDHFVMVGNEKIEHWPHKHHYFIRAPQYPRWPDGMKHSIRRLWTQTTWDTSRRIQTNMDKHVQYSQFHGHWAPYWCSPCLKEGDDEWAEQSWPPTVWFDSAIMGQRTMSQYFNCFCEYKTLFEKAMDTTFQNLHTQHAPCEIPAQVFMKAPAIGSSGWVNSMIEEMKP,0
QGRFYCCNP,0
hN:VPKPDASDSCQCTTL gSKLVGDH CELSQWAAAnHTFIEKGPVTSFiELPIDKCFRVITLYaWIQGcVCLDLVdHGKILvFQiMY SLaGTAFPDFPTCEGNRyECILeAERRATHCQSrKSQLGRALuCGEVNGARGILFPEhEGWVGEL  DG:NLVPKIhPRVPthVVLGTPPVQPSKiNRASVEcETtVRVSSGCGQYTGLALQPCTVLaVVaGYEGHFEePEKIH LnKLSSGTGPWcAPKASKHn,0
Inteferon alpha-1 CDLPETHSLDNRRTLMLLAQMSRISPSSCLMDRHDFGFPQEEFDGNQFQKAPAISVLHELIQQIFNLFTTKDSSAAWDEDLLDKFCTELYQQLNDLEACVMQEERVGETPLMNADSILAVKKYFRRITLYLTEKKYSPCAWEVVRAEIMRSLSLSTNLQERLRRKE Inteferon alpha-2 CDLPQTHSLGSRRTLMLLAQMRKISLFSCLKDRHDFGFPQEEFGNQFQKAET,1
AHNRVFVTGCAKFLCRSYKCGVVDEHCWPEYQWCPFQMEKPRRHPLSVKGHHRCGIFLTYLIIVLVLKRAHYQLGECWTKDPCENFCIPQVHCVLYMWSRHLGNQNWICVKACGNEDRLNMLHSYHAPLYPHQYIRVAEFDESSCASGGTSGHCDIGRWKQEGAQEQNNPCWFNNPMSSTGMFHSSHNCYKSFTRHLAWHLDVRQATPDGAKCFTFKQRDFMPKRCKNVLNQHSAKPNVVPPVIEWGPCDAIVIEEWTFHYTCAV,0
H-GAMMA-1 (VH(1-118)+CH1(119-216)+HINGE-REGION(217-231)+CH2(232-341)+CH3(342-448) QVQLVESGGGVVQPGRSLRLSCAASGFTFSVYGMNWVRQAPGKGLEWVAIIWYDGDNQYYADSVKGRFTISRDNSKNTLYLQMNGLRAEDTAVYYCARDLRTGPFDYWGQGTLVTVSSASTKGPSVFPLAPSSKSTSGGTAALGCLVKDYFPEPVTVSWNSGALTSGVHTFPA,1
Heavy Chain 1: QVQLQQSDAELVKPGASVKISCKASGYTFTDHAIHWAKQKPEQGLEWIGYISPGNDDIKYNEKFKGKATLTADKSSSTAYMQLNSLTSEDSAVYFCKRSYYGHWGQGTTLTVSSASTKGPSVFPLAPCSRSTSESTAALGCLVKDYFPEPVTVSWNSGALTSGVHTFPAVLQSSGLYSLSSVVTVPSSSLGTKTYTCNVDHKPSNTKVDKRVCPPCKCPAPNLLGGPSVFIFPPKIKDVL,1
FSEAAGlVtAGSLKSLSSCVTRPMAETeLQAAETCPLTCLaHLQSKYLGTGPDKRCKQRGRhPCLVhIPVNNVCMLDC:cGDPTaRiATKAVCNFSAGMVVDSQYYPPCLSVLTaCiVCCGCVT RKTQTPCPNnTDVASSDLPPICRNKBhCCSVDTVNERHFSSTKEQMCFY PAEGICPENPKTLSCPVCPRPPFQ VP SARQSPpGGSKTnPVHSVISYPRYRIHLRTCLPAQR NEPPPYVRFDAcGa:,0
AHLTKVSWEKEETYNNDHKAIVNCMMAMTFVGQFTESLLPEQRALHISDNYGVEEWIWVCLMNCYVIMTLVKIPFEINKKAWGQFGADNMMQHQYCAPISLDRINCSRDLWLMQFGNNYWPSACKTIYTEEIQKWCNTFGALRVWLHPGRATPYDLMAMNFREMKLNRGFFRQIVHAENEIWIGQYLRSGAKNPHHSKRFFPKDYDQNRTARNCMYMHFTGASRECCKWIMYPNPMQKMHDSCRWHFFPCAVYTF,0
Ofatumumab Heavy Chain EVQLVESGGGLVQPGRSLRLSCAASGFTFNDYAMHWVRQAPGKGLEWVSTISWNSGSIGY,1
MKNYLSFGMFALLFALTFGTVNSVQAIAGPEWLLDRPSVNNSQLVVSVAGTVEGTNQDISLKFFEIDLTSRPAHGGKTEQGLSPKSKPFATDSGAMSHKLEKADLLKAIQEQLIANVHSNDDYFEVIDFASDATITDRNGKVYFADKDGSVTLPTQPVQEFLLSGHVRVRPYKEKPIQNQAKSVDVEYTVQFTPLNPDDDFRPGLKDTKLLKTLAIGDTITSQELLAQAQSILNKNHPGYTIYERDSSIVTHDND,1
YADAIFTNSYRKVLGQLSARKLLQDIMSRQ,1
TDKANILDGKVSQTSDTNKLNRKLVEESKYQETKPQIYLDGSAEASTLGSNYTGNLAVNGIDTFAKKRDLIRNRSLGGGATTGGKLTGAGNLNWMFLIIGGALFGSADAKTDAVQPGLDAIDRAEGVVAVALGMEAVYLFASPLAEKARDGEEAGVIILRKLAHSNGDKDAMTNNVVAVVEAILHNDLQEEGVELDVIGYFHTKISLATILLGDLNKAFYSPRKGKGAKNFTKELAEILKGIGVIFKLEVTPAVV,0
CDLPQTHSLGSRRTLMLLAQMRRISLFSCLKDRHDFGFPQEEFGNQFQKAETIPVLHEMIQQIFNLFSTKDSSAAWDETLLDKFYTELYQQLNDLEACVIQGVGVTETPLMKEDSILAVRKYFQRITLYLKEKKYSPCAWEVVRAEIMRSFSLSTNLQESLRSKE,1
QWAKRHDKACLCGIAWASGVHLFVLSYYQKSGITTIWQHCRWHYFHLERPQTMDHRNPGSQDGAEFANFLSWLRAWLNITIVP,0
KADRPCHTYYGRDHDHAMTNCFLWRKNMSLVAKCQVIRESAPDFQPPEHPHDVNEHAHCIMRVSPMKHTEPELTRTDWGVLFIATPFAQMHASCENRAQINYDGTWWNHIIPVFQSHVQTNPHMPWNFMEGRSWMLTVPAYLMEEIEMQLSGA,0
YNSGKLEEFVQGNLERECMEEKCSFEEAREVFENTERTTEFWKQYVDGDQCESNPCLNGGSCKDDINSYECWCPFGFEGKNCELDVTCNIKNGRCEQFCKNSADNKVVCSCTEGYRLAENQKSCEPAVPFPCGRVSVSQTSKLTRAEAVFPDVDYVNSTEAETILDNITQSTQSFNDFTRVVGGEDAKPGQFPWQVVLNGKVDAFCGGSIVNEKWIVTAAHCVETGVKITVVAGEHNIEETEHTEQKRNVIRIIP,1
WYQASWNIVNSNNNCFAMSCLEINMMSAQGMRRWMLPVLNMNHMTESTVESDWFTFCKLVDPNDLCKQTYDFCMSVSCEYMCKFIKWLAESWVKKLTHDHAIGFSGHNNNCAKIFWDIIARWVQQVEKVGQQWSCFWTFCMEPGGCQSVPFKRADNEEHVFTAIWKGHPRFWYRRGLWNPHVIVMPHANETFGGQDQSAQPTCKDYKPERHFDGAHHQCQRCREFHRYLMAIGGPLQKRPPFNHFQCTGRLDDCS,0
VDGLFPYPHWELILAPCDYANEMRNLMIANKCHSWRCHRIEYQPAAVTIILPPRCAVQHRIDCAKWIGYGNDQPECNFGVLKAQPKYLTIRVGKKHRQKGGNPRQDSIGYYLYMHAGKDSDANDETQICGFVTYNRPHHEQCGIDIEELNPSMGNVKDSACCQMDIKDLSCEGPAMPDTRNSRCQCALAAYWGYGYGLHWGAIGSTNCIVWFTVGKHLFTFWCRCDKVFPHFRSAGNHFLGDLDMKHFNNMWVHM,0
TQILSTRDNYSEALGIRNCVARPDWWMKKYVMEWERGFRMHFMTGCMRPGHTNPFKYESGQTQRSSMMTGQNRNWFTYQLDFYYFFWVQHGRRLPVITEKMYDARMFQGMVCRTKWAQYPMDLGVWWLQHGYKDRFGIRGHSGEDMICKAMWRVWHRNPCPLHANGDIPSECWWRKWMIDKKIWLILGKPAFMVIFKCVTRWWFRCMFNQPKEFHFGMQVTDTRRTFWHTACWGVHMTGNDFMPCDPWHDKHQVW,0
NKPAYAQGKPKTKLGLLLISRNEHLDNEIKGFIPPNGAMLFNLNEPLKGKVWIYGDPPAGSYLGMSPGYWAGAGQHKASFPFGRCSGQQCDGDTAIMVEQPLGSRWLMFADVEALKITQTASRQLFLGWRAYENTLNVVTPAQGVIGRLLWKFPLTECRALVRMQSILLFEFNGGPATRTVAFGAETNISPYERVGETDPYLNDVFQFHTASSMQLINDRYFPTLHDDTEQPVFAFIFRILLRRAATVDTPGHQPLRYAVGCIVEYLHPEHFFPTFGENIGGGALPPASHGATRKESEPPIYSGWLLQWAPPEFLDPLHCGKSMNELPVKHGAIQGRIKAYQPLLEAYWLSAEVFQCMHDCPWIFAQLTLEGSPPNAWHGNKQASHDHVDRPPTTEGLLDNKLTNDASSYSPEWADTTNPTFEPDHRTNGDLRIPGSPLGVALNLQAHLDQRSQRLGYLNGRIHYVLLGHTVDLCSRFDFAAMLDWNSPHLLGQKW,0
Alpha-Chain(LH): APDVQDCPECTLQENPFFSQPGAPILQCMGCCFSRAYPTPLRSKKTMLVQKNVTSESTCCVAKSYNRVTVMGGFKVENHTACHCSTCYYHKS Beta-Chain(LH):SREPLRPWCHPINAILAVEKEGCPVCITVNTTICAGYCPTMMRVLQAVLPPLPQVVCTYRDVRFESIRLPGCPRGVDPVVSFPVALSCRCGPCRRSTSDCGGPKDHPLTCDHPQLSGLLFLAlphaChai,1
MHVAQPAVVLASSRGIASFVCEYASPGKYTEVRVTVLRQADSQVTEVCAATYMMGNELTFLDDSICTGTSSGNQVNLTIQGLRAMDTGLYICKVELMYPPPYYEGIGNGTQIYVIDPEPCPDSDQEPKSSDKTHTSPPSPAPELLGGSSVFLFPPKPKDTLMISRTPEVTCVVVDVSHEDPEVKFNWYVDGVEVHNAKTKPREEQYNSTYRVVSVLTVLHQDWLNGKEYKCKVSNKALPAPIEKTISKAKGQPRE,1
SNDYPVMNYHDNTAKGLYLDQLLGYDYELCASNVNTGIHVTYKITTWFECRPMVETEKKETMHPYGARFWNSTYLAYRRIDAIKGTHRKTWLICFQRDQRRACKA,0
MPVTINNFNYNDPIDNNNIIMMEPPFARGTGRYYKAFKITDRIWIIPERYTFGYKPEDFNKSSGIFNRDVCEYYDPDYLNTNDKKNIFLQTMIKLFNRIKSKPLGEKLLEMIINGIPYLGDRRVPLEEFNTNIASVTVNKLISNPGEVERKKGIFANLIIFGPGPVLNENETIDIGIQNHFASREGFGGIMQMKFCPEYVSVFNNVQENKGASIFNRRGYFSDPALILMHELIHVLHGLYGIKVDDLPIVPNEKK,1
GQLPKMLKEHGYSALWNIAVGCRDMFGYPTHPCMTERLTNDRFLHRKGTVVCCFIYMTVFPYSKNVPNLTWMCFDFYYREQEEDHFNAQNGGTFYSHRDRKWWGMNKGMVEWERGIMSVHQNTDSPTANLEAPAPTNEKDKPPEAHDLTHEVTRALFRARGMTWHFLHDVMQRWGHHNNWACKIWSYHLFMVMNCDLSSATGVVDIKWFGQYAEYERRHLKFRHFIDLMGTYMPNKFKKMGHQLCVKPKHKMFKP,0
APHLVQVDAARALWPLRRFWRSTGFCPPLPHSQADQYVLSWDQQLNLAYVGAVPHRGIKQVRTHWLLELVTTRGSTGRGLSYNFTHLDGYLDLLRENQLLPGFELMGSASGHFTDFEDKQQVFEWKDLVSSLARRYIGRYGLAHVSKWNFETWNEPDHHDFDNVSMTMQGFLNYYDACSEGLRAASPALRLGGPGDSFHTPPRSPLSWGLLRHCHDGTNFFTGEAGVRLDYISLHRKGARSSISILEQEKVVAQQ,1
GYDFYDHINSWKAVKISLQAPSMAMRNNGFPPFVCWTLAEVWNGAHEIYRGYTSCSEARVGCQIVIIAENWVDRREMTGWDWKAMRPGEAIAVDNRTSMRMVQQFPNNKIWRWQSHDYYDAPTPRMMSCVEVADYYHADGCDFIQAHDTQLIATMELFTIQYRTHR,0
YKHTKTFDCVFKEPGYQQGRGVPFFAEMIHMSCHTWEPHQSIQSAYINDFWEIHYAQFNEMQIAEVVHAIRMMLNDWGYRGAVLDFNEVVCRVHYKKFNDNMVNEVSHRCYLKFWHWDCALFPEKPQGFRKPHTLHGRKDHIQAFDSCSRHVYTYWENRGRNPCGNAYCKFFCKDNWALPQQDPRNTQGFDSRRKCIGPSHATRISMTTHMIYHPHTCQRPISCSYWWKPPIQSAQYTVEHAMQHKHWQFDWMRE,0
SETQANSTTDALNVLLIIVDDLRPSLGCYGDKLVRSPNIDQLASHSLLFQNAFAQQAVCAPSRVSFLTGRRPDTTRLYDFNSYWRVHAGNFSTIPQYFKENGYVTMSVGKVFHPGISSNHTDDSPYSWSFPPYHPSSEKYENTKTCRGPDGELHANLLCPVDVLDVPEGTLPDKQSTEQAIQLLEKMKTSASPFFLAVGYHKPHIPFRYPKEFQKLYPLENITLAPDPEVPDGLPPVAYNPWMDIRQREDVQALN,1
VPPWDFDNFDKNVIFRTFDSMDKPQSYHMGCRISADE,0
Alpha chain: APDVQDCPECTLQENPFFSQPGAPILQCMGCCFSRAYPTPLRSKKTMLVQKNVTSESTCCVAKSYNRVTVMGGFKVENHTACHCSTCYYHKS Beta chain: SKEPLRPRCRPINATLAVEKEGCPVCITVNTTICAGYCPTMTRVLQGVLPALPQVVCNYRDVRFESIRLPGCPRGVNPVVSYAVALSCQCALCRRSTTDCGGPKDHPLTCDDPRFQDSSSSKAPPPSLPSPSRLPGP,1
Heavy Chain: QAYLQQSGAELVRPGASVKMSCKASGYTFTSYNMHWVKQTPRQGLEWIGAIYPGNGDTSYNQKFKGKATLTVDKSSSTAYMQLSSLTSEDSAVYFCARVVYYSNSYWYFDVWGTGTTVTVSAPSVYPLAPVCGDTTGSSVTLGCLVKGYFPEPVTLTWNSGSLSSGVHTFPAVLQSDLYTLSSSVTVTSSTWPSQSITCNVAHPASSTKVDKKIEPRGPTIKPCPPCKCPAPNLLGGPSVFI,1
MSYNLLGFLQRSSNFQCQKLLWQLNGRLEYCLKDRMNFDIPEEIKQLQQFQKEDAALTIYEMLQNIFAIFRQDSSSTGWNETIVENLLANVYHQINHLKTVLEEKLEKEDFTRGKLMSSLHLKRYYGRILHYLKAKEYSHCAWTIVRVEILRNFYFINRLTGYLRN,1
DIQLTQSPASLAVSLGQRATISCKASQSVDYDGDSYLNWYQQIPGQPPKLLIYDASNLVSGIPPRFSGSGSGTDFTLNIHPVEKVDAATYHCQQSTEDPWTFGGGTKLEIKGGGGSGGGGSGGGGSQVQLQQSGAELVRPGSSVKISCKASGYAFSSYWMNWVKQRPGQGLEWIGQIWPGDGDTNYNGKFKGKATLTADESSSTAYMQLSSLASEDSAVYFCARRETTTVGRYYYAMDYWGQGTTVTVSSGGGGSDIKLQQSGAELARPGASVKMSCKTSGYTFTRYTMHWVKQRPGQGLEWIGYINPSRGYTNYNQKFKDKATLTTDKSSSTAYMQLSSLTSEDSAVYYCARYYDDHYCLDYWGQGTTLTVSSVEGGSGGSGGSGGSGGVDDIQLTQSPAIMSASPGEKVTMTCRASSSVSYMNWYQQKSGTSPKRWIYDTSKVASGVPYRFSGSGSGTSYSLTISSMEAEDAATYYCQQWSSNPLTFGAGTKLELKHHHHHH,1
Heavy Chain: EVQLQQSGPELVKPGASVRMSCKSSGYIFTDFYMNWVRQSHGKSLDYIGYISPYSGVTGYNQKFKGKATLTVDKSSSTAYMELRSLTSEDSAVYYCAGSSGNKWAMDYWGHGASVTVSSAKTTAPSVYPLAPVCGDTTGSSVTLGCLVKGYFPEPVTLTWNSGSLSSGVHTFPAVLQSDLYTLSSSVTVTSSTWPSQSITCNVAHPASSTKVDKKIEP; Light Chain: DVVMTQTPL,1
NCAWMSVMYLVHFQMVSTWKIHLIDVPEVANKSNKTAPCGRGAIMYKKYHYNQEMEWPPWQAYRFV,0
Light Chain 1: QIVLTQSPAIMSASPGEKVTITCSASSSISYMHWFQQKPGTSPKLWIYTTSNLASGVPARFSGSGSGTSYSLTISRMEAEDAATYYCHQRSTYPLTFGSGTKLELK Light Chain 2: DIQMTQSPSTLSASVGDRVTITCRASQSINTWLAWYQQKPGKAPKLLMYKASSLESGVPSRFIGSGSGTEFTLTISSLQPDDFATYYCQQYNSDSKMFGQGTKVEVK Heavy Chai,1
FVAVDWAISCNCNMLQEYEAAFFGWSENENWFYW,0
CMWNRGRRQMERYSKGTDEHQFTVSVEWPSPFNKWRDQGRDQFMTHDPAFYLDHCWLFIMYLYIDWSC,0
aTPVSSPRTTSAETSALDhCSLKPGPATLRNVVTVSE:GPKRGPDR AAPVTFCYEAYNNPSAVPCPSLTTPtSRRGMA EQMNSHGLpVMQGCVSCLSRQnPDCVCTIPTRiNLPSLPaCCKHTRSRFCPCIRYKRSANPPCLVSSAQATCGPYFLVHDPCaRSTPCCnV QPSKAKPCRTGLQCGIDlQQSGCELDPhVT QTYP:NSMiIBVPVPLIhCKCELYCKD eFLAFDDCaPVKQTVCAEYKEHNPGGLVFIVR,0
APQPPNILLLLMDDMGWGDLGVYGEPSRETPLCSPSRAALLTGRLPIRNGFYTTNAHARNLLKKAGYVSKIVGKWHLGHRPQFHPLKHGFNIPVYRDWEMVGRYYEEFPINLKTGEANLTFLYWAVDATHAPVYASKPFLGTSQRGRYGDVADNTFVFFTSDNGAALISAPEQGGSNGPFPGHVTAGQVSHQLGSIMDLFTTSLALAGLTLMDRPIFYYRGDTLMAATLGQHKAHFWTWTVTTHNLEDHTKLPLIFHLGRDPGERFPLSFEALVPAQPQLNVCNWAVMNWAPPGCEKLGKPNLDRMAAEGLLFPNFYSANAYTPQEIVGGIPDSEQLLPEDEWFGSPNCHFGPYDNKARPQIYLQEALDFIKRQARHHPFAVREIDDSIGKILELLQDLHLCGKQTTFEGGMREPALAWWPPSDRAIDGLNLLPTLLQGRNSWENFRQGIDFCPGQNVSGASAEYQEALSRITSVVQQHQCLTPPESIPKKCLWSH,1
ACFPVMPCMYPTQPFCLGLEYQKRRSSHKFFVHRIDGVEFKNTFWIHLWTNDSDLPVLQMGMKHNDHFPPKCLHLRPYNIDVMESGPASFCISIWNNNEGVNMDEFSWSQAYEYAKVYIWDRRNWGATFYRWAKAGFSLISNTFEKTREVRLHTQLVGNKTKLKMIPRLPFAHAWEHESRYWWHLNTDWETPRWCAGKHQARVKNSNYLCPSFWGGVCDRNWAITYCRWYARLRPFGGQTFWHIHVNYWDQAEMG,0
Heavy Chain: QLQQSGTVLARPGASVKMSCKASGYSFTRYWMHWIKQRPGQGLEWIGAIYPGNSDTSYNQKFEGKAKLTAVTSASTAYMELSSLTHEDSAVYYCSRDYGYYFDFWGQGTTLTVSSASTKGPSVFPLAPSSKSTSGGTAALGCLVKDYFPEPVTVSWNSGALTSGVHTFPAVLQSSGLYSLSSVVTVPSSSLGTQTYICNVNHKPSNTKVDKRVEPPKSCDKTHTCPPCPAPELLGGPSVFLF,1
Heavy chainQAYLQQSGAELVRPGASVKMSCKASGYTFTSYNMHWVKQTPRQGLEWIGAIYPGNGDTSYNQKFKGKATLTVDKSSSTAYMQLSSLTSEDSAVYFCARVVYYSNSYWYFDVWGTGTTVTVSAPSVYPLAPVCGDTTGSSVTLGCLVKGYFPEPVTLTWNSGSLSSGVHTFPAVLQSDLYTLSSSVTVTSSTWPSQSITCNVAHPASSTKVDKKIEPRGPTIKPCPPCKCPAPNLLGGPSVFIFPPKIKDVLMISLSPIVTCVVVDVSEDDPDVQISWFVNNVEVHTAQTQTHREDYNSTLRVVSALPIQHQDWMSGKEFKCKVNNKDLPAPIERTISKPKGSVRAPQVYVLPPPEEEMTKKQVTLTCMVTDFMPEDIYVEWTNNGKTELNYKNTEPVLDSDGSYFMYSKLRVEKKNWVERNSYSCSVVHEGLHNHHTTKSFSR  Light chainQIVLSQSPAILSASPGEKVTMTCRASSSVSYMHWYQQKPGSSPKPWIYAPSNLASGVPARFSGSGSGTSYSLTISRVEAEDAATYYCQQWSFNPPTFGAGTKLELKRADAAPTVFIFPPSDEQLKSGTASVVCLLNNFYPREAKVQWKVDNALQSGNSQESVTEQDSKDSTYSLSSTLTLSKADYEKHKVYACEVTHQGLSSPVTKSFN ,1
HGEGTFTSDVSSYLEEQAAKEFIAWLVKGGGGGGGSGGGGSGGGGSAESKYGPPCPPCPAPEAAGGPSVFLFPPKPKDTLMISRTPEVTCVVVDVSQEDPEVQFNWYVDGVEVHNAKTKPREEQFNSTYRVVSVLTVLHQDWLNGKEYKCKVSNKGLPSSIEKTISKAKGQPREPQVYTLPPSQEEMTKNQVSLTCLVKGFYPSDIAVEWESNGQPENNYKTTPPVLDSDGSFFLYSRLTVDKSRWQEGNVFSCSVMHEALHNHYTQKSLSLSLG,1
LFIWFMQVSTCYFGGEKTHDRTNKQMPRKDYAWMINADLQTQSCYRLGSMTARQPDRTDTGEYFQNHAKLCRCSEHDWQDYVMESKYWTEQAGSFRHHDAMTMFAWADYDLQDWPCDSPDNVHFWHRTIRYCNALGPMQTKSPSIMTYQLTFHFVFSSWWKCSCMSVIFTQPPHMFQNNCNDNRKRAVDVPSHYKGVDGIGIVDTSLEASLYVWTSDVCWAWFDCFANLQQMYRFNHTLIFERVLYFWKCLKRTC,0
QLINRMPGSSLARVSATGSDTGSRVETLRAMACCMLDWPCLRCEVRRQCCCGADTPKSTRSTGKTGGRSVQPAGWTKTTTQWKSDVPTSSACESCHQPSPSGQSQSCDYTCKPVCQLGESYSQTGVCCTDPEASIPAEAATLVEAPKVGPSFPIPAYLCPPPLCAVLSGVSRHPGCHRCMPYFPTIPNPYEDDTTTCDTEKRALCECSTTVPETQPHNPQAQSNACAEPSCPPDCHFVTFPQCTFRNPTLKTSPS,0
yHr.2ryGr--ps-pl--AHCPNs-p-aTMro,0
GPETLCGAELVDALQFVCGDRGFYFNKPTGYGSSSRRAPQTGIVDECCFRSCDLRRLEMYCAPLKPAKSA,1
TQFRGVDYCCWVPKMAREGCLYCWDHAKMYVRIDSCSYKHYYCLDHMWDQFCVLVSPTPKMSTVNVNELKRPVYADIMVHVTVVKWSHMASFKSPLLCVFQLYHRRVLHYCKLRNNTTCRLRAAFGWTEPNAHDTTAIPNLGRFWRVNTTAVMNCVFAMNPPHIFNNANKYDHGVPTEIGAKSRRLQAIRLDRCWDVWDYQYMYMAQSGDYCHIDDPSHHCAPCWQHTAWNKTREVVVIEEGWEKANNQMGQTIC,0
IGG1: PSALTQPPSASGSLGQSVTISCTGTSSDVGGYNYVSWYQQHAGKAPKVIIYEVNKRPSGVPDRFSGSKSGNTASLTVSGLQAEDEADYYCSSYEGSDNFVFGTGTKVTVLGQPKANPTVTLFPPSSEELQANKATEVCLISDFYPGAVTVAWKADGSPVKAGVETTKPSKQSNNKYAASSYLSLTPEQWKSHRSYSCQVTHEGSTVEKTVAPTECSPLVLQESGPGLVKPSEALSLTCTVSGDSINTILYYWSWIRQPPGKGLEWIGYIYYSGSTYGNPSLKSRVTISVNTSKNQFYSKLSSVTAADTAVYYCARVPLVVNPWGQGTLVTVSSASTKGPSVFPLAPSSKSTSGGTAALGCLVKDYFPQPVTVSWNSGALTSGVHTFPAVLQSSGLYSLSSVVTVPSSSLGTQTYICNVNHKPSNTKVDKRVAPELLGGPSVFLFPPKPKDTLMISRTPEVTCVVVDVSHEDPQVKFNWYVDGVQVHNAKTKPREQQYNSTYRVVSVLTVLHQNWLDGKEYKCKVSNKALPAPIEKTISKAKGQPREPQVYTLPPSREEMTKNQVSLTCLVKGFYPSDIAVEWESNGQPENNYKTTPPVLDSDGSFFLYSKLTVDKSRWQQGNVFSCSVMHEALHNHYTQKSLSL;     IgA2: ELVMTQSPSSLSASVGDRVNIACRASQGISSALAWYQQKPGKAPRLLIYDASNLESGVPSRFSGSGSGTDFTLTISSLQPEDFAIYYCQQFNSYPLTFGGGTKVEIKRTVAAPSVFIFPPSDEQLKSGTASVVCLLNNFYPREAKVQWKVDNALQSGNSQESVTEQDSKDSTYSLSSTLTLSKADYEKHKVYACEVTHQGLSSPVTKSFNRGECQVKLLEQSGAEVKKPGASVKVSCKASGYSFTSYGLHWVRQAPGQRLEWMGWISAGTGNTKYSQKFRGRVTFTRDTSATTAYMGLSSLRPEDTAVYYCARDPYGGGKSEFDYWGQGTLVTVSSASPTSPKVFPLSLDSTPQDGNVVVACLVQGFFPQEPLSVTWSESGQNVTARNFPPSQDASGDLYTTSSQLTLPATQCPDGKSVTCHVKHYTNPSQDVTVPCPVPPPPPCCHPRLSLHRPALEDLLLGSEANLTCTLTGLRDASGATFTWTPSSGKSAVQGPPERDLCGCYSVSSVLPGCAQPWNHGETFTCTAAHPELKTPLTANITKSGNTFRPEVHLLPPPSEELALNELVTLTCLARGFSPKDVLVRWLQGSQELPREKYLTWASRQEPSQGTTTFAVTSILRVAAEDWKKGDTFSCMVGHEALPLAFTQKTIDRLAGKPTHVNVSVVMAEVDGTCY,1
IYVYWQSPNETCWDHLVPYKRCPGPSCARHYYRCEVHAPDSMWGGDQGGYRLCYPMWVKNCDHDVNSAFTNAKKVKYGTSNHCHHIQEYFAVWHAERDMCLQTFEIRADCWKWWQEYIYLSPKCDHETEVRVEISIIGSRYCFFLPYKQMVGVVWGTESCVGNSFADECRDNWLQDPYEKMREVMLTLQPEHLHEWVKMEGYTCMWQGGGTIDDCQMKLSTAGHCPYDPNTAYLIWMRYRCHCFNCFWTPYELSM,0
H-GAMMA-1 Chain: QVQLVESGGGVVQPGRSLRLSCAASGFTFSVYGMNWVRQAPGKGLEWVAIIWYDGDNQYYADSVKGRFTISRDNSKNTLYLQMNGLRAEDTAVYYCARDLRTGPFDYWGQGTLVTVSSASTKGPSVFPLAPSSKSTSGGTAALGCLVKDYFPEPVTVSWNSGALTSGVHTFPAVLQSSGLYSLSSVVTVPSSSLGTQTYICNVNHKPSNTKVDKRVEPKSCDKTHTCPPCPAPELLGGPSVFLFPPKPKDTLMISRTPEVTCVVVDVSHEDPEVKFNWYVDGVEVHNAKTKPREEQYNSTYRVVSVLTVLHQDWLNGKEYKCKVSNKALPAPIEKTISKAKGQPREPQVYTLPPSREEMTKNQVSLTCLVKGFYPSDIAVEWESNGQPENNYKTTPPVLDSDGSFFLYSKLTVDKSRWQQGNVFSCSVMHEALHNHYTQKSLSLSPGK; L-KAPPA chain: QVQLVESGGGVVQPGRSLRLSCAASGFTFSVYGMNWVRQAPGKGLEWVAIIWYDGDNQYYADSVKGRFTISRDNSKNTLYLQMNGLRAEDTAVYYCARDLRTGPFDYWGQGTLVTVSSASTKGPSVFPLAPSSKSTSGGTAALGCLVKDYFPEPVTVSWNSGALTSGVHTFPAVLQSSGLEIVLTQSPDFQSVTPKEKVTITCRASQSIGSSLHWYQQKPDQSPKLLIKYASQSFSGVPSRFSGSGSGTDFTLTINSLEAEDAAAYYCHQSSSLPFTFGPGTKVDIKRTVAAPSVFIFPPSDEQLKSGTASVVCLLNNFYPREAKVQWKVDNALQSGNSQESVTEQDSKDSTYSLSSTLTLSKADYEKHKVYACEVTHQGLSSPVTKSFNRGEC,1
WDVHVLSIAAIIRTFMQYASNVNDNRGDAMVWGNDSGWNHPGRWGCYLPPPGMSWTYRELANYDTSKIPFSIHLRTPMKPCKWIWQNYQYAPMCIGPLKPTSDWNVNSDKKAWFNPALSRANNDYKKTVACHYFEAIQGPSGSFRTSRCTCKRYMILMMWHRLPSFYQMKHNEVIWVCDKNVCWCIDGWVCCGRTCSAREGCHYCWGYSSSVEPMPNADLCMVWHGQRLTEPGRWLHFFHSNHFFPCCAKMIDGI,0
EAYKAAEKAYAAKEAAKEAAKAKAEKKAAYAKAKAAKYEKKAKKAAAEYKKK,1
Parathyroid hormone precursor - Homo sapiens (1-34)SVSEIQLMHNLGKHLNSMERVEWLRKKLQDVHNF,1
IPASADGTGLRQHIFHPGTLIPKVSTCSCDIFQATMPQLPFVGTLRRKLFAGLYNLDLISSVFAIEYPAFLARWSAYGTNEAENLDVATDHGYVYTSQQAARLYVSPHPVFMSSRPLVYTQSGNPLPGRKGGKQSPLKTQLRWSAECDEPCGGPPSAGKMIIFEDKNTFNAPNEGLTMYCRTVAEAQYPCSKFETSTLYLLADWLKHPSNEAQIFFLLLFTEKKSPSIDQALQLWGHYTGALLAFPGNTRFGSDK,0
LDNGLARTPTMGWLHWERFMCNLDCQEEPDSCISEKLFMEMAELMVSEGWKDAGYEYLCIDDCWMAPQRDSEGRLQADPQRFPHGIRQLANYVHSKGLKLGIYADVGNKTCAGFPGSFGYYDIDAQTFADWGVDLLKFDGCYCDSLENLADGYKHMSLALNRTGRSIVYSCEWPLYMWPFQKPNYTEIRQYCNHWRNFADIDDSWKSIKSILDWTSFNQERIVDVAGPGGWNDPDMLVIGNFGLSWNQQVTQMAL,1
Light-chain:DIQMTQSPSSLSASVGDRVTITCRASQGIRNYLAWYQQKPGKAPKLLIYAASTLQSGVPSRFSGSGSGTDFTLTISSLQPEDVATYYCQRYNRAPYTFGQGTKVEIKRTVAAPSVFIFPPSDEQLKSGTASVVCLLNNFYPREAKVQWKVDNALQSGNSQESVTEQDSKDSTYSLSSTLTLSKADYEKHKVYACEVTHQGLSSPVTKSFNRGECHeavy-chain:EVQLVESGGGLVQPGRS,1
FIVLMVQVGVIIKVLIITHGPMTWQFLTTEYPGNVTTGRKKDDFNVYNMKIGQYLSRTYIKTPGHKKNKSRGHKVCKRGDSDEQKILGIRGTPCDYECKVSKNANDKRVESTLDKKDKSDDYVVIPFTLGDSFKYFAEAAAQIQDALLSQLIVDDKHKESLIHPASREGTETGQDASYLDFHHVEYKESFSRPTTNQWRLLVNYHIQIVLIDNYNHVLIFPVPSTTLKEVGIGVPKITQRWGLGETFETMKVKHEVVVVPTTSVFTLCKEYSIVKQKLVLRIFGKHFEYKDFIEETPE,0
PHWSYLLR,1
Heavy Chain Sequence QVQLVQSGAEVKKPGASVKVSCKGSGYTFTSYWMHWVRQAPGQRLEWIGEIDPSESNTNY,1
H ReoPro-like antibody Heavy Chain 1: EVQLQQSGAELVKPGASVKLSCTASGFNIKDTYVHWVKQRPEQGLEWIGRIDPANGYTKYDPKFQGKATITADTSSNTAYLQLSSLTSEDTAVYYCVRPLYDYYAMDYWGQGTSVTVSSAKTTAPSVYPLAPVCGDTTGSSVTLGCLVKGYFPEPVTLTWNSGSLSSGVHTFPAVLQSDLYTLSSSVTVTSSTWPSQSITCNVAHPASSTKVDKKIE,1
VQSH,0
SYQVICRDEKTQMIYQQHQSWLRPVLRSNRVEYCWCNSGRAQCHSVPVKSCSEPRCFNGGTCQQALYFSDFVCQCPEGFAGKCCEIDTRATCYEDQGISYRGNWSTAESGAECTQWNSSALAQKPYSGRRPDAIRLGLGNHNYCRNPDRDSKPWCYVFKAGKYSSEFCSTPACSEGNSDCYFGNGSAYRGTHSLTESGASCLPWNSMILIGKVYTAQNPSAQALGLGKHNYCRNPDGDAKPWCHVLKNRRLTWEY,1
MVPIQKVQDDTKTLIKTIVTRINDISHTQSVSSKQKVTGLDFIPGLHPILTLSKMDQTLAVYQQILTSMPSRNVIQISNDLENLRDLLHVLAFSKSCHLPWASGLETLDSLGGVLEASGYSTEVVALSRLQGSLQDMLWQLDLSPGC,1
SMCWHPLVMLNLWRTKGFETWFVQMAGREYELWASDSLNNTWNSWPHHIKSTTVQPLEQGMEVQEVMLVAVMRMTQQPSSYIYRMQNCTLMKIWCPILALIDVQDDHEDFTVCCMIEFLAIKFWATCWNICMPDENKYNDSGMPKVTYILWKKTPLPEVRGLFTILFRNVFRPLIFHPVCATIGQRSGPRWKGHLGQQNWTFDRFIDISKTDECMPVAFLDNSHIEHDMPEWWVVVYMVHCRKAWYRYELCQKDIPTGEMNQAKQENYIVRIGWQ,0
MTPLGPASSLPQSFLLKCLEQVRKIQGDGAALQEKLCATYKLCHPEELVLLGHSLGIPWAPLSSCPSQALQLAGCLSQLHSGLFLYQGLLQALEGISPELGPTLDTLQLDVADFATTIWQQMEELGMAPALQPTQGAMPAFASAFQRRAGGVLVASHLQSFLEVSYRVLRHLAQP,1
WVRRHCVMRMAYSTNGFDSFHTHYPVNIIECYIERFMVVKVSIEFMNFGYAIYFRCCGNFRFEDCSKFYECKIRTEKMTRDHCAVGFTWWENHGNAQRTYCLDCVRFFYFVFVSLRMIKTPTKSCAPVPTMTMMSYGAWREFVETNIIKQWTMCAADNCARDWGCIHPDKKQNVE,0
SYDYMEGGDIRVRRLFCRTQWYLRIDKRGKVKGTQEMKNNYNIMEIRTVAVGIVAIKGVESEFYLAMNKEGKLYAKKECNEDCNFKELILENHYNTYASAKWTHNGGEMFVALNQKGIPVRGKKTKKEQKTAHFLPMAIT,1
Heavy chain: EVQLVESGGGLVQPGGSLRLSCAVSGYSITSGYSWNWIRQAPGKGLEWVASITYDGSTNYADSVKGRFTISRDDSKNTFYLQMNSLRAEDTAVYYCARGSHYFGHWHFAVWGQGTLVTVSSGPSVFPLAPSSKSTSGGTAALGCLVKDYFPEPVTVSWNSGALTSGVHTFPAVLQSSGLYSLSSVVTVPSSSLGTQTYICNVNHKPSNTKVDKKAEPKSCDKTHTCPPCPAPELLGGPSVFL,1
Heavy Chain: CFSQQIYGVVYGNVTFHVPSNVPLKEVLWKKQKDKVAELENSEFRAFSSFKNRVYLDTVSGSLTIYNLTSSDEDEYEMESPNITDTMKFFLYVLESLPSPTLTCALTNGSIEVQCMIPEHYNSHRGLIMYSWDCPMEQCKRNSTSIYFKMENDLPQKIQCTLSNPLFNTTSSIILTTCIPSSGHSRHRYALIPIPLAVITTCIVLYMNGILKCDRKPDRTNSNRVEPKSCDKTHTCPPCPAP,1
SLPDSTFSKEVAKHWKETFFKGSSFILKVKPPSNQVKGVSGNARNNTDGDSYKLQIFSSGVDEGLRTTICCQKSGPPVHSGVRVVLSAQVFYASLTQGLPQEYSQWSQEDLCSLHTEKQKNSTFALDIGAYSADACVFEKETQTSLSYPYQSSDSSSNLYIFICTTYTPGTSVSWTVNIRSDTRTVSMYAQPELYQSTVVTKPSSSLPAADQQG,0
Alpha chain:APDVQDCPECTLQENPFFSQPGAPILQCMGCCFSRAYPTPLRSKKTMLVQKNVTSESTCCVAKSYNRVTVMGGFKVENHTACHCSTCYYHKS Beta chain: NSCELTNITIAIEKEECRFCISINTTWCAGYCYTRDLVYKDPARPKIQKTCTFKELVYETVRVPGCAHHADSLYTYPVATQCHCGKCDSDSTDCTVRGLGPSYCSFGEMKE,1
NHRDHTPRPQDKRETWIHLGPGDSFLCVKREEWRFAVRACQSLVGHSIHVGMAYIDLYRLVFGLRRCFHDSQIKNPSLPGCRILVFCVQLHNGEQNPWEPYLSPDQDREKQQPVMWVKNAPSPYGMNCKPALCSEERMDVTKNNHLIAQESWAHAHFKDNVMHCPFIAPKEDHMAPMSDHCVYQFPPYKNERNLVWWQPARLTYSREWWWRHYYASNKCDHINFWIYRHAISNEPKSDAAICNMIGCYMDNCMTI,0
TEEVYTISYDDLGCGGSVPGENTQKCQQFLDECGESTNQLENNECCGGVLHQGDSINKPGELKPC,0
ATRRYYLGAVELSWDYMQSDLGELPVDARFPPRVPKSFPFNTSVVYKKTLFVEFTDHLFNIAKPRPPWMGLLGPTIQAEVYDTVVITLKNMASHPVSLHAVGVSYWKASEGAEYDDQTSQREKEDDKVFPGGSHTYVWQVLKENGPMASDPLCLTYSYLSHVDLVKDLNSGLIGALLVCREGSLAKEKTQTLHKFILLFAVFDEGKSWHSETKNSLMQDRDAASARAWPKMHTVNGYVNRSLPGLIGCHRKSVYW,1
"iEYhNaEF:VELPGLCVLEL,TSVHYLQF-GTYncGQLC:SCCicTaQnAIRNCCKAV-YhBF SHING",0
HGEGTFTSDLSKQMEEEAVRLFIEWLKNGGPSSGAPPPS,1
WFCMGRWINYDRTHSCLKLKYPQTLMRHDDWFDKMERRPQHPMNGYNYSHHQEHMVYFRFSLPWGQMACTMFCDDGFGDWGTVSCVSIPQYQGDLHIWCQFMCTHVWFCEYTPDTAGKRREDNQTATIMICVHKIQIRKTCMARWIFLRHNHMEKMLCARDIWHHISGIGHICEYSGNVRPQHELCLSYYINQPRRQCYNTLMPPPCWPQHTSHCYGTADPWDLKCCQCTAIYDCTWWQMGTSMKGSIMYRPCTF,0
LPAQVAFTPYAPEPGSTCRLREYYDQTAQMCCSKCSPGQHAKVFCTKTSDTVCDSCEDSTYTQLWNWVPECLSCGSRCSSDQVETQACTREQNRICTCRPGWYCALSKQEGCRLCAPLRKCRPGFGVARPGTETSDVVCKPCAPGTFSNTTSSTDICRPHQICNVVAIPGNASMDAVCTSTSPTRSMAPGAVHLPQPVSTRSQHTQPTPEPSTAPSTSFLLPMGPSPPAEGSTGDEPKSCDKTHTCPPCPAPELL,1
RGWFVKNYHRNVSGIQCADSSDFSGCSAKGPTReVSTAYSSTCASVQLAvKYEGVPKnKTSTYEKTTD:KSGWPVPAWLAVS aIMVTSYYASSLQLCGSCVLVG DTVEQKVVaWGAWGCCPFEISHGTGVKFMCTAThGKPKLWTFYIILPMDPSTLEQYPSYAiGGTFTPPSAALVPKDSYYKVTAVVLTTQLVSVSQQPSIVTTPNLNTCFPSSHTGTLAGGPNyNPLYPTNSYSDPRHVSSGYSSLSQSL,0
Pancreatic alpha amylase: QYSPNTQQGRTSIVHLFEWRWVDIALECERYLAPKGFGGVQVSPPNENVAIYNPFRPWWERYQPVSYKLCTRSGNEDEFRNMVTRCNNVGVRIYVDAVINHMCGNAVSAGTSSTCGSYFNPGSRDFPAVPYSGWDFNDGKCKTGSGDIENYNDATQVRDCRLTGLLDLALEKDYVRSKIAEYMNHLIDIGVAGFRLDASKHMWPGDIKAILDKLHNLNSNWFPAGSKPF,1
RAATVSCVCKAVGTNGTCDLRAFLLMLGIGGG,0
KHKSQLLSNLLWFAQQEEWEYLSLENIISDEWTNEQ,0
KFAMIDIVPQSIFTVNDRHGHRTCCKLMMIDAMCDSSLNRKQGLPQCKFWAIHMIDLLIFVKEKTATDLM,0
WNASVWRDKIVFCAKEVHRSMQNQYMMFPTPPWKTIKMGRVPTHGWMFLWDCRFQGWQSFFWHMKKELNLETPFKWPGSQAIFLDMCFWYMSALYTASTPCPVTWPEMQWHMIYKPLMNVRWEYPFIILQMCWCQTQLCTAQQPTRQHNIPKYWPYRFTCINSCMMHSGAKFHYRPMEQEVYKYALGTAMQDNREEIDPNSEDKSCVVVPLRSEFECTQLADVYCATYNPECHQIRIW,0
PvMKGSEQQVnLiPAVGTCKSPYWQWYTVVKEH:LCVTVNHTTVAGFAVQILFAKESSTSFGPVALVPTYASSFQAYNPSAEKLFKFDQVTPSDSWYFCWIaN SGGYTSNSLKKIPQQILSKGVVGGGTSSLyGKLSSTVSYPTAYADKVVADHTCNSKEKFSScTDKEILVLGYLGKAVaPGFYALHSSPCPKPPYGTLAeGSVSGQLGCATSVTQITSGPNTEhPTNWGWKKYSFQSDVCPPTNTGGSTLST,0
Heavy Chain 1: QAYLQQSGAELVRPGASVKMSCKASGYTFTSYNMHWVKQTPRQGLEWIGAIYPGNGDTSYNQKFKGKATLTVDKSSSTAYMQLSSLTSEDSAVYFCARVVYYSNSYWYFDVWGTGTTVTVSGPSVFPLAPSSKSTSGGTAALGCLVKDYFPEPVTVSWNSGALTSGVHTFPAVLQSSGLYSLSSVVTVPSSSLGTQTYICNVNHKPSNTKVDKKAEPKSCDKTHTCPPCPAPELLGGPSV,1
QVQLVQSGAEVKKPGSSVKVSCKASGYTFTSYRMHWVRQAPGQGLEWIGYINPSTGYTEYNQKFKDKATITADESTNTAYMELSSLRSEDTAVYYCARGGGVFDYWGQGTTLTVSSGPSVFPLAPSSKSTSGGTAALGCLVKDYFPEPVTVSWNSGALTSGVHTFPAVLQSSGLYSLSSVVTVPSSSLGTQTYICNVNHKPSNTKVDKKAEPKSCDKTHTCPPCPAPELLGGPSVFLFPPKPKDTLMISRTPEVT,1
CAVVSQDNTQWPYTLMFDPSCDGYAQDLIGEYRHRCWTGAYWDPMNSHEFYRQEFQFRDYRNIYPYIVCKKVVPLPESWTEVSKLLIDIDMDVTFAMSQWSAWDNMRFKHGWQWNHITLMWYPMDWYCGFALEIWPMPKANTSPVYPITQMQWREHECRYIISKMFYVMYFKKIRNALWGSEEYTQVAWTAMRVNSERRWDYPAPPKMFNHWYTCEQMGVVINVQMCVSGFEHFPLPTKICWAQQRMRPCNHWIT,0
GCTaGEYQA NCSYTC:FREHLGKiSBLLAhQLIVnT-FLEN:VcCE-QYGCPVFLiVnISahCcYNH,0
Non-protein,1
Mpr-Har-Gly-Asp-Trp-Pro-Cys-NH2.,1
KMRYIVQMQLEHVMDALERTAPGGILAESNSDDTDLLQSEFEGYFESVLDANFIELIAFKEIRDLVYQQRPEKDNTICLPLHSCTRQTSSSQFIGEDVLRQLLHPTRRQLRSELTSFQESKMGLKTKAYEKFSQYAPWLSFCNATLLWFCLLKVNMIQTVRKFES,0
PINICRENTILDYFPLSLMFLIMKKKDSFYNDIGGKVIFSVYAIGNRVLNEGSNKINNFNRILNNELSGRISVWPMFTPIPRFDDHNKLIINIMGPGEGVVYMHVFPNLRIIFCVLPGKDITVAIAYNSEGDRFNTENAEMGIGADRGNILPEDRKLPLIKFLTKNNKEKSVEPILPIQAPEPAMKTELEYRFNNSPFGGFVKKEPGQPHVNMRYHIKIDTKGGTIVEINYFIDTILDNEFNYNRYEGQFKYDYQ,0
ARSRTRLGKRDKSSECKSVNNHIDPCDPGGNLSVIGVHGAEFLVGQTSPQKGFFELHDEKAATWCCRSVKIRQLYKDKRGCHSAIECQCEAFKIQLPNVHEGVIGPRDCPGTAPFIKARDCRDNVSCDCENYEQCELLDDWSNTPPCNIAQWQGRLEPFGPETFETESYVYQDVCICRSNILGEVCLVHAWGGTQIASTCRIEKPIVLCDYTTLKGLLSQGEEHEGGLLINLLALSSVNAQKVAHELYLCESGTQ,0
DPGQESVVDALFS VDAFCP1QVLgLSTTQSSSIVKVFAVD:cYKIKHSNKDGYLaGKWTYQ KTTAQPKEIREAAhGPSSYSTVVFSTQILETyNRSWDGV CFEiS NDIHAGGCKSYNLVTCSASTATPEE1DYQSFQGSSVSRPNRQLTQaSCM VVHRS:LESGSVCKSGTETLQYLhhPIFHDNGSaQGALAVPKTVESKKQVLvKLAQASAiiPLLYFYTSSPGen RQETTQFP LDGSSRTnTYPt,0
KKFSALQSDYQNLMLSLDAITIYARGRQVR,0
DQCWDALQESWDKLKYFDPSTHHIHFPMQAYDKQHVMPEYRLLEMFWPRWDWIICAMVPYTWCVAADQKDPYRIVEFSRMHKFNWASSCNMWQALLLCIWHNLAETKAFGTKCSFVELIDRVTKFCTGWWLCFMQFEQRSELSMYCMNQSCKIMFLNSFWVIGHVDCETYGAYVNTNLIRCNTEAECFCPHWYPFYSYGPDNICQDSHWKNVTFDTLPCRGAHARVRS,0
Heavy Chain: QVQLQQSGAELARPGASVKMSCKASGYTFTRYTMHWVKQRPGQGLEWIGYINPSRGYTNYNQKFKDKATLTTDKSSSTAYMQLSSLTSEDSAVYYCARYYDDHYCLDYWGQGTTLTVSSAKTTAPSVYPLAPVCGGTTGSSVTLGCLVKGYFPEPVTLTWNSGSLSSGVHTFPAVLQSDLYTLSSSVTVTSSTWPSQSITCNVAHPASSTKVDKKIEPRPKSCDKTHTCPPCPAPELLGGPS,1
SGcYVHVWFSESVR yAAKKKYavNKCWeSYSSaITQRPAGETGnQiS VqDSTQuehLQGe GnGCPENVLMHEeIPWVQ,0
SYSMEHFRWGKPVGKKRRPVKVYPDGAEDQLAEAFPLEF,1
EEKAAMNMLVVDALTSKVENVDDAEKKELLDQIKEDLKEYTEKNDISKKQSETKATKKLVSKVGAKSTLDINSNVKTKTGDDNGSVDALQIDNTDKCKLDVSSVVGLRASKKTKNSEYANNLTKNNLLNLLGVFVDVTDTTDASEKKTKKDTTMTATVKEKGGGLGNGVLNSEIKNTGEEAGATGNESVRSKFSSLKLTVLTGMSQGITSLKTLKWTAVSSVEVTKGGSGIGELGTATAFRVTSLKKIYKYIMSP,0
GPQYILNCC,0
ARPCIPKSFGYSSVVCVCNATYCDSFDPPTFPALGTFSRYESTRSGRRMELSMGPIQANHTGTGLLLTLQPEQKFQKVKGFGGAMTDAAALNILALSPPAQNLLLKSYFSEEGIGYNIIRVPMASCDFSIRTYTYADTPDDFQLHNFSLPEEDTKLKIPLIHRALQLAQRPVSLLASPWTSPTWLKTNGAVNGKGSLKGQPGDIYHQTWARYFVKFLDAYAEHKLQFWAVTAENEPSAGLLSGYPFQCLGFTPEH,1
QiEcNYCSCCVNhLVTG;AnGQENE R VKYCLFAca:IaAH SVCGHhLTLiYPFSGLEYB nLV CQ:F,0
SNTYPGGT,0
ALAQKRDNVLFQAATDEQPAVIKTLEKLVNIETGTGDAEGIAAAGNFLEAELKNLGFTVTRSKSAGLVVGDNIVGKIKGRGGKNLLLMSHMDTVYLKGILAKAPFRVEGDKAYGPGIADDKGGNAVILHTLKLLKEYGVRDYGTITVLFNTDEEKGSFGSRDLIQEEAKLADYVLSFEPTSAGDEKLSLGTSGIAYVQVNITGKASHAGAAPELGVNALVEASDLVLRTMNIDDKAKNLRFNWTIAKAGNVSNII,1
SPKMVQGSGCFGRKMDRISSSSGLGCKVLRRH,1
N.A.,1
APPRLICDSRVLERYLLEAKEAENITTGCAEHCSLNENITVPDTKVNFYAWKRMEVGQQAVEVWQGLALLSEAVLRGQALLVNSSQPWEPLQLHVDKAVSGLRSLTTLLRALGAQKEAISPPDAASAAPLRTITADTFRKLFRVYSNFLRGKLKLYTGEACRTGDR,1
EWMEWITKEPYFDCTETLVIQFKLQSWHDVVCEMPFHWSTYYGFQRHKKERHMMLWKLEFKRKHEMCKPIRLQIQRGCQADTGNSKNNSYPFRTCKIEGRLYVSEFFCIYYHKVRTCDPFYSNTPGDLCKTFASGIEHLCQAYRIVPVMHEVNAEQMEPQDLDRSTQHEMTWDNWEVAWCSTPEGMEIKYNDDRRSLQEAAAHCCYEAYFYDRRCQSVAIDGCLVCPFYCHFYWNCNFWRHSSHLLDADERCHSE,0
MPFVNKQFNYKDPVNGVDIAYIKIPNVGQMQPVKAFKIHNKIWVIPERDTFTNPEEGDLNPPPEAKQVPVSYYDSTYLSTDNEKDNYLKGVTKLFERIYSTDLGRMLLTSIVRGIPFWGGSTIDTELKVIDTNCINVIQPDGSYRSEELNLVIIGPSADIIQFECKSFGHEVLNLTRNGYGSTQYIRFSPDFTFGFEESLEVDTNPLLGAGKFATDPAVTLAHELIHAGHRLYGIAINPNRVFKVNTNAYYEMSG,1
EEAAYAKAEAAKKAKKEAKEYAKYAEAAKKKKAKAKEYYKKKAAAAKKAAAA,0
ITKSSDGSVYFTDMRVNPFKLMFPMLAFHQWDAHYLAEHTAPDCGVTAHCTDWMAWPFGKSSRSPGFKERECPATGKCYAWMDDCTDWQHGKADTILRLLEPAPRDHMCNDSKTFFYDCDRPAGQFNFMKTIVDQMKHTQKYICGVKTPVIIMAVTQNWQFRDHYAVNWIRQLLGYFEDHHFFVKMVVYSVEPQRQFWRCIEWWTMHWSPWFTFCYNKTEQFFHWYHFRPKEMGAHEECFFPLQKLVWTNYFALV,0
VH region:  QVTLRESGPALVKPTQTLTLTCTFSGFSLSTSGMSVGWIRQPPGKALEWLADIWWDDKKDYNPSLKSRLTISKDTSKNQVVLKVTNMDPADTATYYCARSMITNWYFDVWGAGTTVTVSS,1
PCYRAEKYGCGRTNARCPGFEDCVINATRRMIGFGKFLDNAAAYFQPCSPYGCKKTLR,0
KALQPELARTLNVEAQSVSSKEDAKEDKNQNGGGEEDFPKELTHMVINGLCYISYVLQILANLVYNHFDKLVKTKAEGHKDQQKTFHFYFVFAHTDEEQTNDTQFSVDKSGLDKTFKAMEFDKLAMGILAWEIADVLKGDQSTRIQNVQKSDFLASFTFPTLPRGFPEIADKTTNVGEEHHSILSNDELESKLPNHFDTNLTGITAEILWALTQHLNRVLGLLTGKPVFDTEFQFLQIYLDKPELVFTMFMRFPV,0
CDGYHFKHIHSHISSPILGYRKNEKPPCIFRSMDYRCYQHGWGYCPPLPNSTLDWTYPKVWFCYGFMHCMNSWWPNPDFWDVKWNVPTLEMRRIMWLMWCIECDAVHEHPPSSSPRGLVCIIDCDPLNFKGHGDNDAFRAFVHWARSSRWRDAQVDNTYCDGGVGCLHFWGRRNAQGDTFKYLRFFIHYGSKQINRLQRRLYMQIAMGFCGVMAALQFIIIDNSAEFCPIQQEQQKPCANRHKAFDEQKWTHFPI,0
rilonacept|Homo sapiens||FUSION-IL1RAP-IL1R1-GAMMA-1 (IL1RAP+(Pr21-359)(1-339)+IL1R1+(Pr22-333)(340-651)+HINGE-REGION(652-663)+CH2(664-773)+CH3(774-880))|||||||880||||MW 100630.6|MW 100630.6|SERCDDWGLDTMRQIQVFEDEPARIKCPLFEHFLKFNYSTAHSAGLTLIWYWTRQDRDLEEPIN,1
TPYPACeVCTKLRAVVSFLPCWTTPYAPLPYSLVhPSIHTFDERGPRVQRTMCQPhNPKRV GCCLCpCnAVPQGRDALHAnTPGVCHFCYPVYlCLtIKCNSLGVMLaGVSCSVaKTQSIPVTLYCCKFPHENSACNTCAQGCPVVMGDFSPFVSMSKKP PGLTACRSCISMGE ECDGLRL:RQDPDTPBRCEDVEALVP;FIGTNSa:EHLTHRCRQCLaTQViKIASPiENh R,0
NPACGRSFPYIFGHMPFRQVGHMLWPYGPCLAHNFDQAEPSGRIVMDPQPVSDFAFDCECKIKIGFRLTYHEVKTYWETQLWVRFSTMTADQWHYSMHWDMETINIVMKNVVSTDLRTENKYSCVREIIHDWYVRVHPKLWFENHPMRMECPQMRDARRENTHGNKTDVKISKFRSNEPQFATREFKQTLDHFASCCEQDWNVEADYTMKHDQTQTCFGDKSVEPDNTMRISNYRCFFRFLANYVYKCHFKKNVF,0
MAPTSSSTKKTQLQLEHLLLDLQMILNGINNYKNPKLTRMLTFKFYMPKKATELKHLQCLEEELKPLEEVLNLAQSKNFHLRPRDLISNINVIVLELKGSETTFMCEYADETATIVEFLNRWITFCQSIISTLT,1
"HGEGTFTSDVSSYLEGQAAKEFIAWLVKGRHGEGTFTSDVSSYLEGQAAKEFIAWLVKGRDAHKSEVAHRFKDLGEENFKALVLIAFAQYLQQCPFEDHVKLVNEVTEFAKTCVADESAENCDKSLHTLFGDKLCTVATLRETYGEMADCCAKQEPERNECFLQHKDDNPNLPRLVRPEVDVMCTAFHDNEETFLKKYLYEIARRHPYFYAPELLFFAKRYKAAFTECCQAADKAACLLPKLDELRDEGKASSAKQRLKCASLQKFGERAFKAWAVARLSQRFPKAEFAEVSKLVTDLTKVHTECCHGDLLECADDRADLAKYICENQDSISSKLKECCEKPLLEKSHCIAEVENDEMPADLPSLAADFVESKDVCKNYAEAKDVFLGMFLYEYARRHPDYSVVLLLRLAKTYETTLEKCCAAADPHECYAKVFDEFKPLVEEPQNLIKQNCELFEQLGEYKFQNALLVRYTKKVPQVSTPTLVEVSRNLGKVGSKCCKHPEAKRMPCAEDYLSVVLNQLCVLHEKTPVSDRVTKCCTESLVNRRPCFSALEVDETYVPKEFNAETFTFHADICTLSEKERQIKKQTALVELVKHKPKATKEQLKAVMDDFAAFVEKCCKADDKETCFAEEGKKLVAASQAALGL",1
WDIQAIQKLMRFLYMRMRFAIEEAMFAWMDGCQCNSDTFEGFSHPYRDWSGYVENPSMHVLAYRAVGPMTELFIIHRSEPVPSNKIYIHPRGTDKDPQAVCVCVHWIFSHGLTCSAWFNHTRLFFRIELYEEYGKGDYTDCVFPEHWHDKWPQDKYQEIEHWNHPWNGLKDHDFVNYTIVPHWQILVTLIWYSTYMGSWYNNWDCEVVNCWWRNHANYGVDFVCICACMGIREPSIRAQHTKASYKDSENDTNYY,0
VGALAVVVWLWLWLWX,1
LEGHFAVHQEKTPVLLKVMKQLKSEPYTVVDWLDSYAKYYGAASRFASDTENKKGRQFYESLPDRNPKEQWRQLTPLSALVDFFRPSRFKGGLQSGTDAMAKSSRLPDETDWYTKSIFAFAYHDVPDSILDVPPRLIVTHASRTEKHAVNPGHIGPVISECVAYSLLNESSVWDDWLAKAWLHRYYVMMRTSASESVVLYGHVPLLTGNLMPKLLGTCCDEKIVVNDVTQAEVGNFGVGYGKKLSFTLWHMPNLG,0
"MALVLEIFTLLASICWVSANIFEYQVDAQPLRPCELQRETAFLKQADYVPQCAEDGSFQTVQCQNDGRSCWCVGANGSEVLGSRQPGRPVACLSFCQLQKQQILLSGYINSTDTSYLPQCQDSGDYAPVQCDVQQVQCWCVDAEGMEVYGTRQLGRPKRCPRSCEIRNRRLLHGVGDKSPPQCSAEGEFMPVQCKFVNTTDMMIFDLVHSYNRFPDAFVTFSSFQRRFPEVSGYCHCADSQGRELAETGLELLLDEIYDTIFAGLDLPSTFTETTLYRILQRRFLAVQSVISGRFRCPTKCEVERFTATSFGHPYVPSCRRNGDYQAVQCQTEGPCWCVDAQGKEMHGTRQQGEPPSCAEGQSCASERQQALSRLYFGTSGYFSQHDLFSSPEKRWASPRVARFATSCPPTIKELFVDSGLLRPMVEGQSQQFSVSENLLKEAIRAIFPSRGLARLALQFTTNPKRLQQNLFGGKFLVNVGQFNLSGALGTRGTFNFSQFFQQLGLASFLNGGRQEDLAKPLSVGLDSNSSTGTPEAAKKDGTMNKPTVGSFGFEINLQENQNALKFLASLLELPEFLLFLQHAISVPEDVARDLGDVMETVLSSQTCEQTPERLFVPSCTTEGSYEDVQCFSGECWCVNSWGKELPGSRVRGGQPRCPTDCEQRARMQSLMGSQPAGSTLFVPACTSEGHFLPVQCFNSECYCVDAEGQAIPGTRSAIGKPKKCPTPCQLQSEQAFLRTVQALLSNSSMLPTLSDTYIPQCSTDGQWRQVQCNGPPEQVFELYQRWEAQNKGQDLTPAKLLVKIMSYREAASGNFSLFIQSLYEAGQQDVFPVLSQYPSLQDVPLAALEGKRPQPRENILLEPYLFWQILNGQLSQYPGSYSDFSTPLAHFDLRNCWCVDEAGQELEGMRSEPSKLPTCPGSCEEAKLRVLQFIRETEEIVSASNSSRFPLGESFLVAKGIRLRNEDLGLPPLFPPREAFAEQFLRGSDYAIRLAAQSTLSFYQRRRFSPDDSAGASALLRSGPYMPQCDAFGSWEPVQCHAGTGHCWCVDEKGGFIPGSLTARSLQIPQCPTTCEKSRTSGLLSSWKQARSQENPSPKDLFVPACLETGEYARLQASGAGTWCVDPASGEELRPGSSSSAQCPSLCNVLKSGVLSRRVSPGYVPACRAEDGGFSPVQCDQAQGSCWCVMDSGEEVPGTRVTGGQPACESPRCPLPFNASEVVGGTILCETISGPTGSAMQQCQLLCRQGSWSVFPPGPLICSLESGRWESQLPQPRACQRPQLWQTIQTQGHFQLQLPPGKMCSADYADLLQTFQVFILDELTARGFCQIQVKTFGTLVSIPVCNNSSVQVGCLTRERLGVNVTWKSRLEDIPVASLPDLHDIERALVGKDLLGRFTDLIQSGSFQLHLDSKTFPAETIRFLQGDHFGTSPRTWFGCSEGFYQVLTSEASQDGLGCVKCPEGSYSQDEECIPCPVGFYQEQAGSLACVPCPVGRTTISAGAFSQTHCVTDCQRNEAGLQCDQNGQYRASQKDRGSGKAFCVDGEGRRLPWWETEAPLEDSQCLMMQKFEKVPESKVIFDANAPVAVRSKVPDSEFPVMQCLTDCTEDEACSFFTVSTTEPEISCDFYAWTSDNVACMTSDQKRDALGNSKATSFGSLRCQVKVRSHGQDSPAVYLKKGQGSTTTLQKRFEPTGFQNMLSGLYNPIVFSASGANLTDAHLFCLLACDRDLCCDGFVLTQVQGGAIICGLLSSPSVLLCNVKDWMDPSEAWANATCPGVTYDQESHQVILRLGDQEFIKSLTPLEGTQDTFTNFQQVYLWKDSDMGSRPESMGCRKDTVPRPASPTEAGLTTELFSPVDLNQVIVNGNQSLSSQKHWLFKHLFSAQQANLWCLSRCVQEHSFCQLAEITESASLYFTCTLYPEAQVCDDIMESNAQGCRLILPQMPKALFRKKVILEDKVKNFYTRLPFQKLMGISIRNKVPMSEKSISNGFFECERRCDADPCCTGFGFLNVSQLKGGEVTCLTLNSLGIQMCSEENGGAWRILDCGSPDIEVHTYPFGWYQKPIAQNNAPSFCPLVVLPSLTEKVSLDSWQSLALSSVVVDPSIRHFDVAHVSTAATSNFSAVRDLCLSECSQHEACLITTLQTQPGAVRCMFYADTQSCTHSLQGQNCRLLLREEATHIYRKPGISLLSYEASVPSVPISTHGRLLGRSQAIQVGTSWKQVDQFLGVPYAAPPLAERRFQAPEPLNWTGSWDASKPRASCWQPGTRTSTSPGVSEDCLYLNVFIPQNVAPNASVLVFFHNTMDREESEGWPAIDGSFLAAVGNLIVVTASYRVGVFGFLSSGSGEVSGNWGLLDQVAALTWVQTHIRGFGGDPRRVSLAADRGGADVASIHLLTARATNSQLFRRAVLMGGSALSPAAVISHERAQQQAIALAKEVSCPMSSSQEVVSCLRQKPANVLNDAQTKLLAVSGPFHYWGPVIDGHFLREPPARALKRSLWVEVDLLIGSSQDDGLINRAKAVKQFEESRGRTSSKTAFYQALQNSLGGEDSDARVEAAATWYYSLEHSTDDYASFSRALENATRDYFIICPIIDMASAWAKRARGNVFMYHAPENYGHGSLELLADVQFALGLPFYPAYEGQFSLEEKSLSLKIMQYFSHFIRSGNPNYPYEFSRKVPTFATPWPDFVPRAGGENYKEFSELLPNRQGLKKADCSFWSKYISSLKTSADGAKGGQSAESEEEELTAGSGLREDLLSLQEPGSKTYSK",1
DGHAGGFLANTNLSLNLGFLQKLSDRDTMPVRELGLPISKWNYPQETSDRPKKTTAERAHWFYDDVGSDLRFPPPCSGYRTSIYTTAESINYFIPGLVWELYSPSKEHYCLQLVAHGQVRLSRDPNHHNRPLDEGFTGPLPPFNFEVVADDEKLSPGVQLPPAQNTPYVDARALADDLLQNHYSPEPKKSPVLIASSSKLQMVPIYNFAVDTFVHAKFQRPDEYSTQSIICAVEQNIFMVPLPSQCSTNTVTYDK,0
Raibizumab Light Chain SASQDISNYLNWYQQKPGKAPKVLIYFTSSLHSGVPSRFSGSGSGTDFTLTISSLQPEDFATYYCQQYSTVPWTFGQGTKVEIKRTVAAPSVFIFPPSDEQLKSGTASVVCLLNNFYPREAKVQWKVDNALQSGNSQESVTEQDSKDSTYSLSSTLTLSKADYEKHKVYACEVTHQGLSSPVTKSFNRGEC Ranibizumab Heavy Chain EVQLVESGGGLVQPGG,1
RETALIVDAVDARDPRLAQPLPCRHVGGPPTWPTRKPSAYYDFMDLPRVWVTIQSFNVHKPMCKLGEPPVAGSNWPQWAYVTLRDQNADHETLLTEVQAGPGFMVQGYSMVVNKDASELQHEVLQMANNTGWVGHFGLIGPWVPFHFEEWFNRDWGIFDAWSYVYWLLVLNNSLKMVWVAVREKGAHHSLRRRWKVAYFIPDFSFLVDWAGHTRFYFRVVTGPYQPEVCDLHPRFPLEQEQDEATSIREPLTDKR,0
ASSRKLGRTSPAVKSMCGSRR,0
KSPKAVSVMGYRWELHDVFKFAQPDGREYEPFELARPKG,0
MDKTHTCPPCPAPELLGGPSVFLFPPKPKDTLMISRTPEVTCVVVDVSHEDPEVKFNWYVDGVEVHNAKTKPREEQYNSTYRVVSVLTVLHQDWLNGKEYKCKVSNKALPAPIEKTISKAKGQPREPQVYTLPPSRDELTKNQVSLTCLVKGFYPSDIAVEWESNGQPENNYKTTPPVLDSDGSFFLYSKLTVDKSRWQQGNVFSCSVMHEALHNHYTQKSLSLSPGKGGGGGIEGPTLRQWLAARAGGGGGGGG,1
LVYTDCTESGQNLCLCEGSNVCGQGNKCILGSDGEKNQCVTGEGTPKPQSHNDGDFEEIPEEYLQ,1
FTCLWYNCETFNGQSCKIEWITWLTWEGCNWPVFILDEKGMKQPMEVTNYEFAPQEQATCAKEVCQHTPNHVYCDSTDYTGKYAFKLAFQLMGVCQRFMALCWFYTCEDMEFQMHVNPHEHEKQSGGMTGFDSGTLHHFVMDEFNKMKRFVFHYINLGGQKLVYWLPVCAYNNSCWIEFWWLNPSGMTRQITYICFSRAHRQATLWMRNQIRHVPRFGNDYHDFRTYTIEFWIAKWGGKMCQHRGATEGDCAVMF,0
SDTGRPFVEMYSEIPEIIHMTEGRELVIPCRVTSPNITVTLKKFPLDTLIPDGKRIIWDSRKGFIISNATYKEIGLLTCEATVNGHLYKTNYLTHRQTNTIIDVVLSPSHGIELSVGEKLVLNCTARTELNVGIDFNWEYPSSKHQHKKLVNRDLKTQSGSEMKKFLSTLTIDGVTRSDQGLYTCAASSGLMTKKNSTFVRVHEKDKTHTCPPCPAPELLGGPSVFLFPPKPKDTLMISRTPEVTCVVVDVSHED,1
CIPCKRHCHGKHGTQDPNDISPQEATCYTFAKQFPHHVHSCNGTNDSYQPSPCEDRKNWGNIHARLVAVCYATHYNKYYFCNASPNTTVQFSCQQCNCCTPDDTVYNLFLMLVEMTIRRFWLPVDNNPPLKYLWMIPCRPEKLCIPRNYLAHMFNMERLWMSSPKNGRRSQVHWRPG,0
SYFKFSCTKF WVQVGAKQSGSFSVNKFGHYSGPSGPAQHSLLGVGDKQaSQGSLPQYVASYPAAASKvLSNTTKSCTEAGDILSSLTS:YVTYEVSYPCSVTTGVEAGCIGWSPLYPEACFKGKVRPHADTFKVNYyWNAMTGY PSSQnGSTSTVCHMN1VASATLDPPDSLDTETANMKKTLSVNTGLGDLPSGKTQCYIEWaRVSYVVVAQGWTYY PhKVAeSNPiLLSCTSPPSHPLTLSVVTKGVRST,0
Fibrinolysin heavy chainDLLDDYVNTQGASLLSLSRKNLAGRSVEDCAAKCEEETDFVCRAFQYHSKEQQCVVMAENSKNTPVFRMRDVILYEKRIYLLECKTGNGQTYRGTTAETKSGVTCQKWSATSPHVPKFSPEKFPLAGLEENYCRNPDNDENGPWCYTTDPDKRYDYCDIPECEDKCMHCSGENYEGKIAKTMSGRDCQAWDSQSPHAHGYIPSKFPNKNLKMNYCRNPDGEPRPWCFTTDP,1
TQRIHPQTGAVKHISNRKAKLEQREEELMNQE,0
NQEKKAQMMEKPTIFAVGRLAQVEFTAYGWTHLRFWTNCTIALIWVHWYPPSKVHHKKSHVKRDDVREMKIEEAWVVNFGMDQKYARCGILHSMTSTHQQCALQEVEEEKVMVCQAWNFHDWQQHCAACFNIMIPQFVSMEACHWVNEIHHTLVCFFAIGRLYPSCVDHCPVGRHMTAGVLHYSYIEDKCPDSYVYVTNGIEPKVWVSQQAIQLIQPVPFRNMDTIICLERHGFTPKWEWGDMHLVGIVFMGYDI,0
ESWHYWDLASTRIFDYWIGPRYSPIKIIIHEPSWKRCVPGADRVLWNMKHLWRFAFAQSQRQEWMNTINRLYLLAIWKCECEFNCSYWGIEWMGPHPCYPYAESSVMPSDWVMMIITNNHAQKEGWNWHQKYVSQMFCNYSPELMGPAMHKVYRPAKRWDKWKVIGCMEQVPECTSDLGFELSHLPMNYDPWHCMADAYDCHFICEKYFKQAEDDLCDEQINASRNYKSPHMPTIPDYYRKGACIWDLNHMQSIE,0
ECSILFGAKTIKFHLGLWCMDAGGRNCPFYGRSFNIWRSWHWPYRYNKFGINPELQWAFRTLDPWCYGFSDYPKFREVYVMHYSCVMDAVSVYYCYMAAENRFIYHRHAKAHYEAFCINAPDTTMLEFDDALAMQAYQQFGPEVLIRMRESESDFNYNYMCYNRIRFFRVERLVTNTTELTSTARHGGMRKCNPMWERNVINFHARNCCCWHRMWVVVHNSHHESKLIKAKEIKDTANRLWSLFQHEDPDMQIQY,0
KLTLNDDTMWYRMTSDAYWNCKDWKELNDEGEYQCMRNMRGDIKFVCNPMLHDLWNKKQYRIDHKSINTGREKETRRCREGVPFDDEMTIMASHFHELKCFYITPHNKKFKTTDHQNGTINKYREMQFQVDFRYFAIMAPFCDAQKCPGMYAWFTWHSYNWPGMWFRMWQNDTGPMWESWAYAHLPTFHEDMTTSLWDHNHIINECSATQSEIMLNHGMCTNEWKVELPQNSSKDRSYVYRSERNAWNNNYACMC,0
iLIVH nFVVLQLRQAL CFQChT NGNVGFcCEBGYPSAYHCiKLSYGCnYTEE aSNICa LcTEh,0
Anti-CEA heavy chain 1EVKLVESGGGLVQPGGSLRLSCATSGFTFTDYYMNWVRQPPGKALEWLGFIGNKANGYTTEYSASVKGRFTISRDKSQSILYLQMNTLRAEDSATYYCTRDRGLRFYFDYWGQGTTLTVSSAKTTPPSVYPLAPGSAAQTNSMVTLGCLVKGYFPEPVTVTWNSGSLSSGVHTFPAVLQSDLYTLSSSVTVPSSPRPSETVTCNVAHPASSTKVDKKIVPRDCPPCKCPAPNL,1
SGGKLTAVDPETNMNVSEIISYWGFPSEEYLVETEDGYILCLNRIPHGRKNHSDKGPKPV,1
LEDGELYLRNGGCYYKHEMWGSLSLGSIELCIAVGCNDCWKTQYPDGHFNLADDRGHDLNSGLFTMIDPFRDILRCNRDDNTVWFTGETERKALAALLDDECPPWQQNSIDWSHRCMMLNFYNVDKAQTLLSMACVGENIAIKSPDLLIEPDPSYEVKWWWQKGYVEKDNRPGGSDYILSIALQIGFDENKVYDAAGWRYHVDGAETWFISPYWGADTQRCNPVSFLGQYMWFQAGCFARQSQMMSGQLFMPMDK,0
YADAIFTNSYRKVLGQLSARKLLQDIMSRQQGESNQERGARARL,1
Heavy Chain 1: QVQLQESGPGLVRPSQTLSLTCTVSGFTFTDFYMNWVRQPPGRGLEWIGFIRDKAKGYTTEYNPSVKGRVTMLVDTSKNQFSLRLSSVTAADTAVYYCAREGHTAAPFDYWGQGSLVTVSSASTKGPSVFPLAPSSKSTSGGTAALGCLVKDYFPEPVTVSWNSGALTSGVHTFPAVLQSSGLYSLSSVVTVPSSSLGTQTYICNVNHKPSNTKVDKKVEPKSCDKTHTCPPCPAPELLG,1
ADKLPNIVILATGGTIAGSAATGTQTTGYKAGALGVDTLINAVPEVKKLANVKGEQFSNMASENMTGDVVLKLSQRVNELLARDDVDGVVITHGTDTVEESAYFLHLTVKSDKPVVFVAAMRPATAISADGPMNLLEAVRVAGDKQSRGRGVMVVLNDRIGSARYITKTNASTLDTFKANEEGYLGVIIGNRIYYQNRIDKLHTTRSVFDVRGLTSLPKVDILYGYQDDPEYLYDAAIQHGVKGIVYAGMGAGSV,1
CAVLCRNAWRMWTAKPGNICFAALLFLHWDTDCMNEFSGRFWRSGQCNMYLRYSFDTHYKKMGLWNQWVMCPIDLFEYSDEHFMVCAVPQWIIERPQTVCESIRTNWLLLHIMRGRGMEFGECMGNTFRLYQMEQNYSTEWGGELNNCDQLWEYRQEYTAGYGRDHAAQEIDWYTTVMKNREFNPYQRYASMATTRYGMQRRHMPRLHHYMISQCAFKCTYAWRNATEHVEAHHGSKYLNELLVLIPRSLVYPCK,0
MSILIEKFRIPDKSEQQKRNIDAQGGTESISTNTFQKLALSLLQSIKWFEMELGNLRDETDCKDKLSKVKDTSTRPPLFYNEVELHHCLFPQESYLTFARVLCEHGPRITAQRASVSEQVKSDGYLAYEIRQQMLKFTYMLRASSFETFAVLLQFLWCEDLVMLQ,0
HSDGTFTSELSRLRDSARLQRLLQGLV,1
NTLHMENWKGFDYGVQCGLQDNFNNWEQAASSWQVPSYGNHIPQWCFHQAPDHLQCPYKRQWGNKDAKKDGYMTTSTITFSNIWRYFRHRKYDTAQGHNFQLICLMHQVKHWLIVSLDMFMYRGQHFQYEHKPWNKYYCNLYPHTCIFDDLFMMCLYNTMIRKTWATKEVLEHHQRPLLTVSKIPTMWEGYNQQIAEAAIWCYSHGVCVWNQICCKNAMRERDMTDMKLDTTFWTEWIHHKFILAFCWPHMTNQH,0
PWVFFGLTDPAATLSLGLGGGLGSSAAEVcKHVSLVSTLTSKSSTTPSTTVhGAPGaKSESQGVSKVCGILVESPPnKYSC FAYYTWMKYCaWNSTTPFGVVFNILVyVVPMPPPRDRSASFPDNSNHLiYNASFQELQIAWSSCSTEQTHEKYQTPDQSSQLVGAALLSGVKGGGKDANKGSVLLLCTDMVLPYGPvPVTSSIYRSGGPEGYSDVVHGSVCCL KKTGDLGATGANSSeTRKTTTSAWSPRSG,0
QSHETSKYHVLMALGCSATEKTVKPTPNSYVSARGKSDSHVEGVSESVEPYKIGEHKGASVYEHLKPFCSCPEAPVGRKFDLMRISDQGPTEVPYAVLNTINLQVQWDVADDEVYAPTDSQIIVGGLSVLGQNDLTVVDGAQPDSNCLVPTDLMICPESVVKGPLSNIPDNRPTAYTKPYPVFYGAPQRSGELTEQVEVFGKVQRKAENCAVEEICTITPTMMKLSLTAFWKPNTITRYPYLPEVVYTSKMRKDS,0
ACTH(1-24)SYSMEHFRWGKPVGKKRRPVKVYP,1
YCFCAKFSGSPRVCNLRKPDSLFMEPCEGTQGDTALPVFALRGPLCGDLEERRQKICVAATDGSAYSRGY,0
KPSSPPEELKFQCGQKTLRPRFKIIGGEFTTIENQPWFAAIYRRHRGGSVTYVCGGSLMSPCWVISATHCFIDYPKKEDYIVYLGRSRLNSNTQGEMKFEVENLILHKDYSADTLAHHNDIALLKIRSKEGRCAQPSRTIQTICLPSMYNDPQFGTSCEITGFGKENSTDYLYPEQLKMTVVKLISHRECQQPHYYGSEVTTKMLCAADPQWKTDSCQGDSGGPLVCSLQGRMTLTGIVSWGRGCALKDKPGVYT,1
EDPQGDAAQKTDTSHHDQDHPTFNKITPNLAEFAFSLYRQLAHQSNSTNIFFSPVSIATAFAMLSLGTKADTHDEILEGLNFNLTEIPEAQIHEGFQELLRTLNQPDSQLQLTTGNGLFLSEGLKLVDKFLEDVKKLYHSEAFTVNFGDTEEAKKQINDYVEKGTQGKIVDLVKELDRDTVFALVNYIFFKGKWERPFEVKDTEEEDFHVDQVTTVKVPMMKRLGMFNIQHCKKLSSWVLLMKYLGNATAIFFLP,1
DNA (sodium Salt),1
NFWYNPISQRTGEVRCPMLMLNISYCHQLLLRFPQRDTLAKFQPSSLEICGWNGWESFHV,0
GEARCNIQEAVETNVQFCEAQDGEVNTPKCGNGCVKIKVEGPVEEKFSSDNLWNRWNVRAIDRVESGLATEKKHDYAQFFQCFRVLISREEEGIECHTSLFVNVVPKCNLCNCATGSSAPGDSPDTPVNSTTGIDNETDKAFREIVDCPENVGNAWNISEELETVFENVCFIEFSKVGVNPYKLTMKAWEREEIQSCCECGLKNSKINDCQEVVSSTERRQTGVDVTYCEYPAKGTFCQETEFDYKGTQGFVGHQ,0
:TTRFPVlVCCLFGCPilVG(KLPVShLCCCQDVVSYCFMiP KEaCLRVSG(GCLaEEPSMHHYP)SCLRRVGPRRaThGALYNDDVSQCCSCApKTRLPTPKLDiIANPeCtHEPADLAPYPEVTFCEQHFCCHEVVRTVTASTVAVpTSBPRhL:PPVCII-MaHWKaCH-AVGQNnGAASPAIKVEGHVGPRALhTaFLCTQRGIChPSCPMFQRNLTLSQCYDPPSKGnINSR)CMCTDPLNTQ YSLKL,0
GEVHIRYLPLWGKTQVMIPIHDKGSHEYSHLAHGPCFMAFLRSMWGSFATYRGWANGRRWHGYRHS,0
RPDFCLEPPYTGPCKARIIRYFYNAKAGLCQTFVYGGCRAKRNNFKSAEDCMRTCGGA,1
GPPPGPPRVSPDPRAELDSTVLLTRSLLADTRQLAAQLRDKFPADGDHNLDSLPTLAMSAGALGALQLPGVLTRLRADLLSYLRHVQWLRRAGGSSLKTLEPELGTLQARLDRLLRRLQLLMSRLALPQPPPDPPAPPLAPPSSAWGGIRAAHAILGGLHLTLDWAVRGLLLLKTRL,1
TWQLIALDFVVSCPMWWMWITDVSHQHFSWGNWDPRMNAMILIF,0
AHPGRPRAVPTQCDVPPNSRFDCAPDKAITQEQCEARGCCYIPAKQGLQGAQMGQPWCFFPPSYPSYKLENLSSSEMGYTATLTRTTPTFFPKDILTLRLDVMMETENRLHFTIKDPANRRYEVPLETPHVHSRAPSPLYSVEFSEEPFGVIVRRQLDGRVLLNTTVAPLFFADQFLQLSTSLPSQYITGLAEHLSPLMLSTSWTRITLWNRDLAPTPGANLYGSHPFYLALEDGGSAHGVFLLNSNAMDVVLQP,1
LDIPGTTSLAINTCEIITIVMTLTTEGNRVaAEKCSKKQDSVTQQVSDGgPSTSLHSKCaAASSSVSFTGQPFLYVALQAEGDSFNGSTAVVYYVTHNHKLCSVWPSLAN AShRYLYE:ASPL VQKFWLGKK GFQEYRDKAPESQSGAGY yLAKVNEiSLLViTn LSTVETRLSvFAKE:VYRSPQnTYPVSGTNKePGGVQNSIDYYCcPtIPQGYSFQVKEcShGSFKaSQLGQVhSQDSPDQTiQFD,0
Heavy chain:QIQLQQSGPEVVKPGASVKISCKASGYTFTDYYITWVKQKPGQGLEWIGWIYPGSGNTKYNEKFKGKATLTVDTSSSTAFMQLSSLTSEDTAVYFCANYGNYWFAYWGQGTQVTVSAASTKGPSVFPLAPSSKSTSGGTAALGCLVKDYFPEPVTVSWNSGALTSGVHTFPAVLQSSGLYSLSSVVTVPSSSLGTQTYICNVNHKPSNTKVDKKVEPKSCDKTHTCPPCPAPELLGGPSVFLF,1
RRSYVQNLDQFFGADSHQYLMSTWSDTTK,0
HGDGSFSDEMNTILDNLAARDFINWLIQTKITD,1
KCNTATCATQRLANFLVHSSNNFGPILPPTNVGSNTY,1
LQSMEPDQRCLKYTQYLFYKAYGTGYYTSKAYRKLKPQIWHDWPAKRP,0
Alpha-2A:CDLPQTHSLGSRRTLMLLAQMRKISLFSCLKDRHDFGFPQEEFGNQFQKAETIPVLHEMIQQIFNLFSTKDSSAAWDETLLDKFYTELYQQLNDLEACVIQGVGVTETPLMKEDSILAVRKYFQRITLYLKEKKYSPCAWEVVRAEIMRSFSLSTNLQESLRSKEAlpha-2B:CDLPQTHSLGSRRTLMLLAQMRRISLFSCLKDRHDFGFPQEEFGNQFQKAETIPVLHEMIQQIFNLFSTKDS,1
CSNLSTCVLGKLSQELHKLQTYPRTNTGSGTP,1
Secukinumab Heavy Chain:EVQLVESGGGLVQPGGSLRLSCAASGFTFSNYWMNWVRQAPGKGLEWVAAINQDGSEKYYVGSVKGRFISRDNAKNSLYLQMNSLRVEDTAVYYCVRDYYDILTDYYIHYWYFDLWGRGTLVTVSSASTKGPSVFPLAPSSKSTSGGTAALGCLVKDYFPEPVTVSWNSGALTSGVHTFPAVLQSSGLYSLSSVVTVPSSSLGTQTYICNVNHKPSNTKVDKRVEPKSCDK,1
FPRPGGGGNGDFEEIPEEYL,1
ANSLLEETKQGNLERECIEELCNKEEAREVFENDPETDYFYPKYLVCLRSFQTGLFTAARQSTNAYPDLRSCVNAIPDQCSPLPCNEDGYMSCKDGKASFTCTCKPGWQGEKCEFDINECKDPSNINGGCSQICDNTPGSYHCSCKNGFVMLSNKKDCKDVDECSLKPSICGTAVCKNIPGDFECECPEGYRYNLKSKSCEDIDECSENMCAQLCVNYPGGYTCYCDGKKGFKLAQDQKSCEVVSVCLPLNLDTKYELLYLAEQFAGVVLYLKFRLPEISRFSAEFDFRTYDSEGVILYAESIDHSAWLLIALRGGKIEVQLKNEHTSKITTGGDVINNGLWNMVSVEELEHSISIKIAKEAVMDINKPGPLFKPENGLLETKVYFAGFPRKVESELIKPINPRLDGCIRSWNLMKQGASGIKEIIQEKQNKHCLVTVEKGSYYPGSGIAQFHIDYNNVSSAEGWHVNVTLNIRPSTGTGVMLALVSGNNTVPFAVSLVDSTSEKSQDILLSVENTVIYRIQALSLCSDQQSHLEFRVNRNNLELSTPLKIETISHEDLQRQLAVLDKAMKAKVATYLGGLPDVPFSATPVNAFYNGCMEVNINGVQLDLDEAISKHNDIRAHSCPSVWKKTKNS,1
VFLVDCVIEQNRNKTWY,0
PLWVQIHHTSTWTSYGLCFDEAKFADWEWKDANPVNKNFMSKHYNSHIMYEQLNYPSDCYMITLFEHDEWDQVQSRVQHMVEFDINDFPWISTNFNWCKFYRTTRSYMMYRSYEWTLMYDFTLNDKPTESMEEAGCGEQEDGVCLASIFRCATHRHGDQGASCWQGYVRNTQCTYYCGYPPFWFHYGAAFDSCHAVSDHMRLIWTWTHDQDAVCGDVRILNHLCPSINLVPLTHPDYAPKGEGVIVDNLDSHDPCTWDTYPEMMRFQHAENFAAIWDLRAREVWGHSFGSHATQNIGHNYICAQICMQICDTPFVMHAHTLACISLYWKGAAKQPEMIPHTEFRESVDHSVEYNSMQLADSTNCKWMSKRKMFWYVSRVKFDWAHAYHRMHVKVIVQFSWVKHGIFCSIPKSRENNCAEQDCHTAAWGVDPTWRANGFNSWFGWKNHDHKLEFVMYAFGKTGPFEYRDWRKQQQRFYPWYYPGVRYNNNPYKIVTGWHELKDFPHKIYRMSCRFRNGLSQWFFPCENANIVVMIIPGDSMCREQIMRYTHFHRDSMFLSQQNKGTFDYEWTYKSSMYMCMMRVYNENPMFLSTFLLLDGMRSRKEWSRSINAECIAWMAECGFKVRHWRYLVMPIKTTHVCFHPSPQHMECQWEWRADHPVAVTFEGWHIYTVWHTVVNQVNTRYQRTENPIALKTYMWTIGTQHWVSIKFKMQSIRHMKNGDCTP,0
SDEVELYTAKNWRRQEAKYAKSKNHCRPLMLYLPVPNKEVCTTRVAWAKRRVKLQIPAPGAAGEPFYTQQAIWSHSHQKSYQMAMKNCGFWERNTRAGQQDCQMWSMVMGLMWSRPNKKVHQWTMRAGICMREILWEMHEGQSRRKMFGMYPQYIDNFHRDMTLHAGYADEYIRAVTHKSSFAAIMQNKALTPFSICWDLIDMIKKCMNAWKNDAKGMPGAWEIYDW,0
FEQPDRWHFHSISPKTPPSIRDQHSPYMKYYHHDISMPQWHGLFAILCLLVTSRAKDSTGPKRPQPSYRIGDSRVRPVHIHGAAANHYGGKSERNSVLVRDSYRIHIFDIQWFRSSQKGRHNYPTGSRMSGSQMVTGVSMTVQYFSLVLLFKSNERYFSGHRESHALPISLSLLDRDRMLIYWQNYVQTGQVLKKYTGPGHNSSSEVSYEKEFNFRTSPAVRFALLFTSDNVLTSWAILESMHQFFMVHSASTTTAGLIELMLLCIDLLIAITGQQPVGVVSGPDTVWSKIDLKQEIGVSNRWSLHENEVQRYKEAYNRSQANIRVERITVPRYGQPPNIYCTLHCKPPGRSIHPAGPLTISNKHEYVVDVSEVRRDILEEGTKAGAARTRGRGFRANRRYIGTVSMEQKSKPGQAADAVEWKLYRYLSFQAFAKSLKIDEMDVFLSTPPQRDSEAGDLPGTLHVDIYIVSSSEIDGFIISRAQETPSVRLHIVKAGLRACFRRMVSNKDLNIIPLGVRQNEKSPELVERINNSLALWNLQLKDEQVCALSERVPTSITSVSMDDFDFTLAARYQDHVSPPFLEAVAQHYSPLWNGELAWRSFYSYTRAKQVKLNRFAKAGIVVNLKSGYKYDHQKPDEPLGYYNLFSTKQVAHLSIARLLSTQAFAWRRALSRARGLQLSIPTGTPEFYKGNRCSGGEKLALSIPEMWFFWMVEIIVEEETRTNITRGLTAFDSLYALIVDLASHAYNNPARFPWVYSKTPGLESQGAFKDSLVNSFGIAAPVSQYVQREYKFLCTASEYIAANDFDIGQRSPNPWPWAELFILSPGCTYENFDKANQVFIWDYSPPGDMWLKGCFHILEYYLIDSELRSMSFLHAFHMRGNTPAAPSKTSDMDDLMKVDSPSGVCCYSLKGMFKDEKDNHNPFNHCDAFYPQLSASFYNFGMISFWTPYFAVPAEDSDAKSYHDTLGVGLYPVDVVQLDDVRGSWLLDQALSHHRNSYFIDEILDYLKVEQTYPWPDEYHELFKETQIYLRFIFRFTRPYLTPMPRVDSNVRQQAGSEHTLNRDVSGWLTEDMNNMTEKSDLPYPLQDPIDTDSMGGYVEPEKERVWDRHAQELCDVQAPGTWSRVNTVAMPEFGMTWTSKKGTDVVEDFTGTHHKDVLFDDKSKSFPELLSFLGENLQSHEGICGKYSLTRTDPGLTTALVEALGEERFEGKLERKLNPGTPNTDCMCLKTQDEGCYPLVQRKLQLLLVHVDSIMPGMTIFLIAWSGGALLEDATVYSRFWERMQKAEQGDHSHTLGFHGVLEYHDMNSVLHPTGQGKLLLIHVSAVIVQFPMDLCEFNDGLTVGQAHDQEIDKSAVKNRQHYFNEAGKGYRHLIQPELSRDKNTRGNVFVRLYKMPSPGLVDLPTLQQGEVTTLMLSHSIHYYVEYFNILASVWGEIFPTMYQL,0
HINGE-REGION(215-229) EVQLVQSGGGLVKPGGSLRLSCAASGFTFSSYSMNWVRQAPGKGLEWVSSISSSSSYIYY,1
IEWFANLPPIEMQDSLSETDCSKLVYTLCTMWPGAPRTRGQEGATDATPFFLQELEMIRITKAEYQLTTPFEPENCKLVKPLSIEPLVAEASDETLAHQCSQLLSNVSNQEVRHTLHMQPFLSKPRK,0
DALSAPCNRTCVPGLTLRTFH I KARSDRPYGVVGDNioWTYTYILVNS:TWAKQMLSDQIPVKKKPWSLKDLWTGDGVeTLTSQFWTGVNSKQEIVnT SWKVTTAgDATDLSrVTMSAGLEYSPTSSMF,0
YYHYSGVACITSISWRLGTYRRDMQSGKTEQLMVQAQILIPVMPQEMCKQNTTEFKRTPVQNEGMTFENAQQFHTGGWMKQQREHRKLTESYFCICEMPACCCSCHVYCRYLIRAQGVMADIPCADFARCMYYPSATHWMVNPFSLVASPDSLWNTHVNPRRKNFKSSYGMGLMFSGKKAMHKKPGIKMHSA,0
DQMSRKDHVREEKWWDLCCHPPKDSPTMHRGGQPYQHIGEWSFRPKWIITCIEIWCPLKQMATQWQISNAHMMQITWWMQVHDEPSMMIFRQVPDPPATQIYKKLAHAYCCHVQEAHSWYICPANMDRCQKDEPKWNNLWPAPDCCWKMWVEHTEHIQTNSHNNIPYTFISNRNFQYVIKELTAPCDAITP,0
LAIIQFQIPAMFQGNRFDWEDWSAPWYHWREGTTYDGGIPQMWFRWHRHHRHFNMAAAKASCWHNFNCVRSMSVVFCLENWATLDHCFTCPWIWMFKSGMYEVEILRIWSGRECQHYYLPICHTSTVQSFYMRKAFMCVFEDCFEGEKWQRPTISWRDEGEECNSPKDMWSPDTYAMHYYYPFGQYWWQHMDLKGSVYILGINIITWHQRAWVTKGCHHGMQIMWFINW,0
GAIFWCGYQHWSGGQPSVAHGCSKQYSSDMGTCYSHIGARRTASKPGSDQVSCVCLTCSFDTSKVDPWTQKDWRSETGLMHSSQLKAPTPSITVLYYITTESEWSSDQQDTSFGISEVKTQYYQRSNAGVETKIKDDQGGRHNPWDTPLKFQSAGGALQADIGQMNDGQMGVTDVKSAYRGYLGDVRLSGFSALKYYEPSMYDETKYASSRWSLYEVLYKGGQAVFKDEDLSFSYQPGLGSDYWGNVPSLGELSIQSPGIVCGQGFLATQFLAQTVRGTYIKTSPGSKGVLIGTRIVKSQSKARVLYGSGGTSGMADSNQSYYQIFGYKPGDGSYDHAVDKYQLYIEGSATNCATTNWSQGKASNSTHLLDGYTPTKYGYGTEQSTETQSAVKTEKSYHYSCTTSGVTGWGAGLVHQKGGAWWPSGVREMGLSSSALPLPMGTSLGTYARIMGAQSSRGNISSGLYSDTPQTGSSSATASGGNPSHSNGRGGSGYAAWITESMA,0
AGGYCIFCPHRLRYDAAPTGFLDGEWNRSSIHLVEYESSTWEDAEHLLAFESKEQIDGCSWPKFTCPDYLIEGLVDHTACRLLFGLALARWTILSQSRYNLQDIQGYHLLSCSREPVGAKCSPHLQRLQSGPWVAQDFCQTDSNTNECVSKELKRVLGSGSGACKEMTIYRVHSSKKKPDCDGDNQLKELTDCSPLTREIYVYCPHRARGPGSVSPFGKQRPSGSIAWAINNQYPHVVFNPQEAYHYRAFFAISG,0
CHEEYVFGHWMGYEGCCHMYLNDWPMQGVPEIAASFSGQCGQMWFTPLHRGANWKVCAEIHCHGYPQTAQNVIRGKEQPMAPDGMGDECFEIIAAMHGLCLTSAHHIQITWEDGRENAKLIDHNRGEGQTPRFLRCMWQESQHQSFWTWALELEWDDMPYWSAQTFNINAVALIIMQNLLWWKNISIFMELTKAHGFAETIGSFLDDVSIKKYECILFVYWAAANLCGCYQCQWLYGFQLELSATGGYQFYDTWWKCHKAKTHREIDRNAGIGAAFPEHQNTAFTTCCKWKPNPWIPDMTQWHAVNRGCVNNHSFWNQQMNTGVRWWKDYVPHDSCHWETWWNVVAGEAEFHSVCMVGYPGLGFDRSKEYHIVCDHFTWHFGFITMGQWEYAAIFISTEPSYSPGDYSLMWEQTFYCPDFLASQTNIFEGRNQLYGVWNMPDSLSGWVVLSFADHDKMMARDRNTGFATQWLAHPAKSHNQRGVQPILRKLYHFLFFDVDWCFMNFHGSPTMCHQQNFKQERVTTEGEKCKKKFWIPDDSVPDYQPNDFIKSNPFPMKMIWHGDQYFYWFNLAKRNKTEVFYWQPAWWNLAKNLICYCYGAQGGWCGPYASMISFLKALTYQCMHGLCMDGPKSGLTLTIEAQPRFGMCMSDRHP,0
"DVAGQRFGFCQTCCCGGDLMKRPPASSQLKLFGADCEAYEEALYSEQPRSFQREKGPCCFQDSRADDKYSCESQMFGYMTDVVDQPEGSATLGIVQCALKLFLWTFGPEPLGSWTSDQASDLFVPLSNHEILRVVEQQIITDAPTLSDPAKPRRIEELTWGFLRATGSSTWYLDHVSGCLQQICHCRPLQDCDSRTKMGNSQALRANPDVTAAVCSYQHSCRECWEFVADPRKTPVVFIVGSPLDIEARVAKDDETGEILVNSQTKLAFFTLGVHPVCSGVRQLPICSPIRRSQQINSEWQRSAFAFEWYFLQPSNYEPGGRYGPVITFSESERDSAFDTASEDIIWNTYEMYEIAYGEGYDQPSEAIYALLLNLGVIFGLSMAAAAYKTRCKQGKNGHTFFYLYEDELQSASAVLLNRERSQFTGSRLAVAGLALSPAILQNGRLGFTLLVCTLLVPAEMCVRQRSAQVPQPSWQIAAVRPLEADHSGSGRSLLDRGSISQPSFPCKDIEAPPGLRLTPMFQGTGQSESSLSLRDRRIRLLCTGFCIYQVKVSAGRAECVRQRGQYVISQSVCEFLSNMGVPGPFNKNGMLPVSGVELLESDEQTQYKFSADFARAKPPGWEPQGQQVSGCQELDFVKSQVHKTFVLRPKSSGAACRTAPELSRNALNCSLWCCGSLGERQETALVVTSLFAIKCFVQPSSDEKGIFATKDSFKCQTSEQLLQALAGGLLESDQVDVIKLSVSESMCCFLSIPNYYSLPLAELNTREGFCLLTGLAEEHLSYEKGMALEPPNYERPNVWQNGPRPDMADELQSGQYYLLCEEQSSLAVIEPPWDPTCPVQVVAYLWLEVGFQYRCRNRTGLPNYDSEVLCIECGWDTLQTCRSVCGNRHPEVFPPGRWESNTRAGLSASPRLQSGRGQDCPVCSPFMSVNSVTQGEGFDQCPLPPSTVTGGQEYQIQKTVMGCSLAANFLVIATRLTVRKGSNTWPLTKTTQCNATADRSKGANTQGVHDRFEIFQQFACRLAFCTPCEENPEGLLGRCPIDSSVPTEIHPGQAGRFTWQLQQFAPSASRQVERYPFSTAGGMQSNLLNWQQLKPDHREQERESKVGMRATDQNRKLMLLESAPDQEDPFQQGCPCFCETCFEEGMCSSSRINQEHTVPVTVKCLSGAMRCAYRATHLEAAPSPLNKRPWYTSCRVGVHSQDEKNGRQSSFSIYLYDARVAEALNLQLQASQWDEELLVASEIPWRQSLQLFLTKFPRTQNTLGQWTQVQANVLGAFLRTFVSARIQKVNTAAAQSQLLSFVFRKCVLLQSFADLEFPIQIELGLLWAEACLQVSGFCVAVGSFIFHSTFVAELRCQQKIYSIFPTICDPQASDGPDYGESDLSVMTAARMNGTACGLAGFVSTYCLPTREVEEQSYLYKQSPHLFLLGNQSRGDKDGTFCDWEKVPGLHQIRQDSQSQSGSQSGGGFNGDIGFVITPELLTKCTQSFVLFPFHTAYGRPEAVPISFQYSVCPLGYPSFEFCDAVPQKIDTPSCLGIEWTTQARSQPSKIPPFQVLELEVGLSTQLISSFARHSADFCQAKFQPSTSGLQRWIDSQFQLLETGRLQSVKREQDNLRSHPTRGKSPKVNPGKQLASDPGSACIAVYVNADRTSATPQGSILQSGQQVPGVCGLGEVDNFGPQPLGALKMSEVDTTSGKNGVMTQPVDMGRRRLRAGVGRLQRDQPDADPLSNVDGGGDHLIQFKTAPFSFASFLLTGSPPMLDHWRASKTCTTKLAEASYESAPVEGDAHWFFCPQDFRSCCLMRRNLIFRRWEFSCARLAFSYQIIHKIEEPQWTQEPLVLCLMLPYETDCSLASRHPSDRGRASRIARDPSGFVVGQVLANAFSNVARCSAPDILPMASLIAKPPPSGKLLSVGPSPNGRHPVKPWELGVSKKFQSLPLNVGLGAHVGMKADQILVFCVRWCLTLQSDFFKSSTTESASSTMKPAAHLDCEMEQAFSASQSAITWCFWEPFAGGVRDVSGARWNSMSESRQVWGAQHEPRKGLYELSPLSLVLNEDGAKPLCKGNSLQVSEEALTYYLNLSLVEDRTIRGTDLRISCFDYLTLSGEINCSVEDLIRNPFAHLYADVGRTLSDQYETDHEARCFGGSGVQIKGCDPCAFASVDYAFARQQNNGSFTDSRSMTPESGLAAGGGDVQGNDQNEATRALFHCTQFQSNVYTCGAIPSEGCGSSSLSYFTKLVRYKKLPGCSRFGAEQVPAVFRKILQGQSLLCNTFFSWAADECSGSGAGFRLTALNLGIQDQGSPGFQSTAARGCPQIGLVDTGVLAFLVNWCRPSTEANSTLKVWQQASTFGLCKYVDIYIRLFGAGVRGFSWTACQPISQCNVADGCQGSPQKPAVDCFLASMHPSARPQGSLEREPLSYVTSVTQEPVKDTAKGTERGCSLCQVREYYWGETAFNTWSDGLGSHLQWESFSALNPELVALSEASLGSKCLSLCEFEDLNALEIRDLGVDAERTGCDTVSTLSFELVWLASRETQSLDQLSVPTSSVCATESSFQGGSPLSQETPQPQGLDELFGVLGQDFLVTFHFEAAALELPEDDQSRCPPRKNLIQAPPMNSDSDEPCVPNKSLSECRLDERYFFPLLQCQAAGSIPQPCNVQGQSTLLMCGEKQKPVVYKCREAGYVENSPCLFFCLTRKGSEDLQLCHTTEKVLTTNKGGSLEIKGIVPVDYPKEMFAVQQCGNQFASTSFDNHPESESQVPAGGFLSSS",0
RLKNQDTLSSLFSRLSWNEERDFLKVQVELNLTQDHETTLMFYMDSKTFKCCLDALIEWFEDQCEKLRDTAQELVSAGQGHKMSSFNHLIIEAFMYRARTQTGTYEVLQCEEVLKILKSLQFFIPRKQELSLVFTRAYEVPSGGIALIPSPDPQLSARQSKYIRM,0
ISV:EACAi LYNCRSSTVBInLLQN  Q NHCEYKPnCCYTYaLQGa:GFcHcV ETLGG;FiFELhhCV,0
LTVLINRCWLTENIYCIPYCLSKALYSAMIMMKTDWSIYDSKGKQWKYAEWKKLPGRACPLIQPEILDYGWKPSKPRAMGNRCFG,0
MKKYLLGIGLILALIACKQNVSSLDEKNSVSVDVPGGMKVLVSKEKNKDGKYDLMATVDNVDLKGTSDKNNGSGILEGVKADKSKVKLTVADDLSKTTLEVLKEDGTVVSRKVTSKDKSTTEAKFNEKGELSEKTMTRANGTTLEYSQMTNEDNAAKAVETLKNGIKFEGNLASGKTAVEIKEGTVTLKREIDKNGKVTVSLNDTASGSKKTASWQESTSTLTISANSKKTKDLVFLTNGTITVQNYDSAGTKLE,1
KLLLLKLLLLKLLLLKLLLLK,1
DAHKSEVAHRFKDLGEENFKALVLIAFAQYLQQCPFEDHVKLVNEVTEFAKTCVADESAENCDKSLHTLFGDKLCTVATLRETYGEMADCCAKQEPERNECFLQHKDDNPNLPRLVRPEVDVMCTAFHDNEETFLKKYLYEIARRHPYFYAPELLFFAKRYKAAFTECCQAADKAACLLPKLDELRDEGKASSAKQRLKCASLQKFGERAFKAWAVARLSQRFPKAEFAEVSKLVTDLTKVHTECCHGDLLECAD,1
pGlu-His-Trp-Ser-Tyr-D-Ser(tBu)-Leu-Arg-Pro-NHEt,1
RVQDLSPTRVWHDRVKRTRISYTITFQPQFIEPSARRWCQKHCPGKYRLPVTYACHFQHTSWKMGMSQTISNFYLDGRNAMTKNNRGEEMIVQRQENYRMIKVQYVTEQAMRDDWRWGNFVPAIVGDQIKVQEPGYLCWAPTFHKWEWIGSQTLKHLAAFRNGSFTKGWMAPWHCRWFNGQSFRMNCKYNVPIPDFVGQICTHSGYYVDPGTYCGYWVAPNIPEIWWFFGELPFCIGPQVMSDYYIAKTSCVALN,0
VNSaVAKNLETSLWRVTGTTVRSSFQDHPGPnEVVTHKYWASSGRAPYPLLCFGWLWVPSNGGQCSSSKSFSAPNTVGVTTKPATYPGNAQHFKASYAYGGAKCSHKDcCNGVQSGVLNKQGLYGTPPGPRYKTLETSHFMWIEVyGWSDVDICALEPSV:hTGSLS vVCPKVVGTDNCGTVLSTeLVAGVS SIYKGQFDLTYTSSSPIELGRaASQSLPLLLSPTGFASGDGEVSRHDLSAAYiHSSSFIVY,0
HAEGTFTSDVSSYLEGQAAKEEFIIAWLVKGRG,1
SAVKAARYGKDNVRVYKVHKDEKTGVQTVYEMTVCVLLEGEIETSYTKADNSVIVATDSIKNTIYITAKQNPVTPPELFGSILGTHFIEKYNHIHAAHVNIVCHRWTRMDIDGKPHPHSFIRDSEEKRNVQVDVVEGKGIDIKSSLSGLTVLKSTNSQFWGFLRDEYTTLKETWDRILSTDVDATWQWKNFSGLQEVRSHVPKFDATWATAREVTLKTFAEDNSASVQATMYKMAEQILARQQLIETVEYSLPNK,1
LAAWVWLWWVLGVXLV,0
SCGNVuyGYHVKIYGRPTGESLenYLCLRAPWSKWV LGGReGQahQvVHQSSVKVqS EIDSnGGD AAQRiecVWaFMe,0
AIRRYYLGAVELSWDYRQSELLRELHVDTRFPATAPGALPLGPSVLYKKTVFVEFTDQLFSVARPRPPWMGLLGPTIQAEVYDTVVVTLKNMASHPVSLHAVGVSFWKSSEGAEYEDHTSQREKEDDKVLPGKSQTYVWQVLKENGPTASDPPCLTYSYLSHVDLVKDLNSGLIGALLVCREGSLTRERTQNLHEFVLLFAVFDEGKSWHSARNDSWTRAMDPAPARAQPAMHTVNGYVNRSLPGLIGCHKKSVYWHVIGMGTSPEVHSIFLEGHTFLVRHHRQASLEISPLTFLTAQTFLMDLGQFLLFCHISSHHHGGMEAHVRVESCAEEPQLRRKADEEEDYDDNLYDSDMDVVRLDGDDVSPFIQIRSVAKKHPKTWVHYISAEEEDWDYAPAVPSPSDRSYKSLYLNSGPQRIGRKYKKARFVAYTDVTFKTRKAIPYESGILGPLLYGEVGDTLLIIFKNKASRPYNIYPHGITDVSALHPGRLLKGWKHLKDMPILPGETFKYKWTVTVEDGPTKSDPRCLTRYYSSSINLEKDLASGLIGPLLICYKESVDQRGNQMMSDKRNVILFSVFDENQSWYLAENIQRFLPNPDGLQPQDPEFQASNIMHSINGYVFDSLQLSVCLHEVAYWYILSVGAQTDFLSVFFSGYTFKHKMVYEDTLTLFPFSGETVFMSMENPGLWVLGCHNSDLRNRGMTALLKVYSCDRDIGDYYDNTYEDIPGFLLSGKNVIEPRSFAQNSRPPSASAPKPPVLRRHQRDISLPTFQPEEDKMDYDDIFSTETKGEDFDIYGEDENQDPRSFQKRTRHYFIAAVEQLWDYGMSESPRALRNRAQNGEVPRFKKVVFREFADGSFTQPSYRGELNKHLGLLGPYIRAEVEDNIMVTFKNQASRPYSFYSSLISYPDDQEQGAEPRHNFVQPNETRTYFWKVQHHMAPTEDEFDCKAWAYFSDVDLEKDVHSGLIGPLLICRANTLNAAHGRQVTVQEFALFFTIFDETKSWYFTENVERNCRAPCHLQMEDPTLKENYRFHAINGYVMDTLPGLVMAQNQRIRWYLLSMGSNENIHSIHFSGHVFSVRKKEEYKMAVYNLYPGVFETVEMLPSKVGIWRIECLIGEHLQAGMSTTFLVYSKECQAPLGMASGRIRDFQITASGQYGQWAPKLARLHYSGSINAWSTKDPHSWIKVDLLAPMIIHGIMTQGARQKFSSLYISQFIIMYSLDGRNWQSYRGNSTGTLMVFFGNVDASGIKHNIFNPPIVARYIRLHPTHYSIRSTLRMELMGCDLNSCSMPLGMQNKAISDSQITASSHLSNIFATWSPSQARLHLQGRTNAWRPRVSSAEEWLQVDLQKTVKVTGITTQGVKSLLSSMYVKEFLVSSSQDGRRWTLFLQDGHTKVFQGNQDSSTPVVNALDPPLFTRYLRIHPTSWAQHIALRLEVLGCEAQDLY,1
IMNWHLREKPVCDETVGIMNHVDELPFFFMHWTEGNYRTGKIKHLQDWYMGHMCNEQYCGQQRPLRLEWPWCHVHDLNLTPSEKNNRYGQICVVENYSLYTNNSIFWRYRQVFNYSEIILHATYYMELWADHMYIRHFHAMKLNNDMYYRTVTNTAAFDDITRHMFPSTLCIGIFCDMFCHMDHEWWENSNESAQPARPIFPEYVHYLWQAFHVYQYHELHWIICGMHVYKVLHMGMHPVLLMTRQMEYIRRNRQ,0
VHYQNWNYHEKNVLCRRYNTFDIHMCDSTHEQLFCNKGDTDIALKEVFHLCVFEPQNVVEQRRLKYLRLSH,0
KTGGSAGATDWGYGHWNYQFMVLHKMWTAPVVDVRPTIAKKPNGNNHWNSDTQDDIHWELGQRIPPYCA,0
PPDNRIALLGPRPGKTILNLMYQGNFKFDHKDLIHTALVKDRRIHKFTLPSHGKKAAIMVTEAHGELLEKDSALTTRLPPVACWNAGGSLSNGGTLRALYDAWQTYGHCYHPDVFMFGEPSGGRWEPSAGTCVCATQGKPYSVEYDKLIYTQYLGSLPLCNVQQQAALLELTVSGISQAYLADLGPRMIYYYYLYLCQTMDLEGEFWVLTESRLRLRSRPHTFRFPELNRDVLENQGHILVDYDHNVLHLSDAPT,0
AEQRSGRRVLPAKLETAAILNIYPVSVEGLPRATTVELPELSELLSLAVSVAPVKGLRRLQFQRLQFINTLCADRGFATASLENRYLVVQIGALCYSNTTTVCRDQGGPSMRKRQLNWALVESAARGDDNLWKAPTAGKELLETKYDIDHEKCTAWLSPELKHFAA,0
Heavy Chain: LIDGKMTRRGDSPWQVVLLDSKKKLACGAVLIHPSWVLTAAHCMDESKKLLVRLGEYDLRRWEKWELDLDIKEVFVHPNYSKSTTDDIALLHLAQPATLSQTIVPICLPDSGLAERELNQAGQETLVTGWGYHSSREKEAKRNRTFVLNFIKIPVVPHNECSEVMSNMVSENMLAGILGDRQDACEGDSGGPMVASFHGTWFLVGLVSWGEGCGLLHNYGVYTKVSRYLDWIHGHIRDKEAP,1
LKIAAFNIQTFGETKMSNATLVSYIVQILSRYDIALVQEVRDSHLTAVGKLLDNLNQDAPDTYHYVVSEPLGRNSYKERYLFVYRPDQVSAVDSYYYDDGCEPCGNDTFNREPAIVRFFSRFTEVREFAIVPLHAAPGDAVAEIDALYDVYLDVQEKWGLEDVMLMGDFNAGCSYVRPSQWSSIRLWTSPTFQWLIPDSADTTATPTHCAYDRIVVAGMLLRGAVVPDSALPFNFQAAYGLSDQLAQAISDHYPV,1
NFPGDLGEGPIGEEYRFPGE,0
GiTSYNSVTTSTWAShLETLFVSGSCAFPaVSQiQDYLQGNV PYEGLEbQYPVPQNSE PEKLPVIPP VLzVSaEFDKibATSaWTSSGKQQEFYeLhCRDGiSKY LaLuHaGigYSGSSQKKTnDF KYAQKEKFGSSESNLNCV GTQSSzThSPTVIKSATTVmVPiabvSESSWFFDNRHLYtVPmTRLARRFHNnEyGASACVbVDGYInDQKGCITTVaGCQSGLIKQ SLLAKGVuiSQDQHLAR,0
GISINCGHMAQPRIPWERLDFCHNVKHPHRYSMICNYMRKWQWNHNPECQDVNQFGEEQYMAWANLHWRHNEGGECAGCFRVMYNMLSCLALSYRAKEFPHSWKLRPKYGACILGDLPVNEQQAETETICGDTLNRTNKAAPCISEGRWQTRTSDRWYNPLENNVCSDDMMKKTNHCHHPDTRWWLDRVKVEHWTAGPSPLGVYLEDMPERKKRFRCQPQKRNRQPKGPECCKNDDTRFSRYDFYHIMDDNRAMF,0
NLECTSYPVLEDASSYNGSKPYKVTPAEKASYSKCLLGRYVNGSGAKREVGNSLAHSDFGAA1KSLQDAVPPKFEGITSSQKQQSNGSGQHVGLEPCEALHVNPGVPKPVGTVYST:ITGKKIYVTDQGETIYAATIKPKGSAVAATSAQSYGPYTFEVLLKNLSDKTDVGEPTVITVSTWLYPTLLRSDTTCYGASSISELSVGPWCSTVCVTVPVSFESGPEQSNVSSGSNSWQEQGTSTSPTPGFASAQSDL,0
DQNEFQFEYHVEISSTIQQLHYTQQLQ,0
light chain DIQMTQSPSSLSASVGDRVTITCKASQDVSIGVAWYQQKPGKAPKLLIYSASYRYTGVPSRFSGSGSGTDFTLTISSLQPEDFATYYCQQYYIYPYTFGQGTKVEIKRTVAAPSVFIFPPSDEQLKSGTASVVCLLNNFYPREAKVQWKVDNALQSGNSQESVTEQDSKDSTYSLSSTLTLSKADYEKHKVYACEVTHQGLSSPVTKSFNRGEC ;Amino acid for pertuzumab h,1
MKRKCLSKRLMLAITMATIFTVNSTLPIYAAVDKNNATAAVQNESKRYTVSYLKTLNYYDLVDLLVKTEIENLPDLFQYSSDAKEFYGNKTRMSFIMDEIGRRAPQYTEIDHKGIPTLVEVVRAGFYLGFHNKELNEINKRSFKERVIPSILAIQKNPNFKLGTEVQDKIVSATGLLAGNETAPPEVVNNFTPILQDCIKNIDRYALDDLKSKALFNVLAAPTYDITEYLRATKEKPENTPWYGKIDGFINELKK,1
DVVSDSSSELRLANVPMDQVIVPILLNKIFSLHLSFLIKHSLETLSLKTTQLSKGKIGPNTRSISGVRLPWGTLPHDQPYDLILAVGMVVHCSCNTDLQVEGALDTIVQSEWKLTGLQSQDAYLQATQQLLSGDITKLRQTISSMDM,0
ECCFTANHPFFSKIISLEDPYCNRLCWMPRGFMRNWNTNYEFIHPNGRTWEVWWMKCSSKMMEHKYEATCYQDHIEHSRNCINMCMHCFYADGCCRMGHGNERGLTFGPTNSLTDGTSVRCHRCCEGPWKDLMQAQDENVDGYTEL,0
QRFCECEDGNTSTQCGVTYVRDEGMRGWIWWGTYFPANIDIDSDHWYTRVTGTIYDEFQYLLMTVFIWAQLHMGFWMYGQWFNHYQKSGLDLANAPTAISADTGNFPPCHGYMPWANCNPYHQIRAVECYPNFYLGVAAVRSKEQAYGEEEAYVSNEFWPHKAWPL,0
SSTDQIATSGASSQaLMSSLKWVRPVSVSTDMYSDGPDYAFSQDRCWLCGASPSVSITQSCSNKNEPAGLLPPKAPGTYVhRCTEnANYGEVLPSAIGRSVTQPVCSLKTTVNKMGGDSvSASGSTVFYEYKFLTTTDPTKGSYHTQCQSLTTQKLFLQYiVH HYLCGKKEVGCSTDVYQYCWGTTTPTSGPEaPSAPPIDSWGCYLTLTL PLYQAHWVRKSVTAAeLASATSTYKKSKGy:YHNPPLTRGHV,0
QIEITMCIKYLLSEEFLWTLARENALTKGTTKAEKKMDMEKTSEIKYSKLTLVHRDLKQQNLERRACQPMPLFIDTFMFGPINLNNSKIETEFTYKQTVNTLLSLPPIELENLLLLHLVVHSTLAINQSLFNSC,0
LYSG)CQGGWSI SEYNM5IQAORIGQFSKL1V(SSGRGGYGRIEEPVNSSS2KF2SLVLSGSS2VWASL9VEHGYAN--TP,0
DTCiDKFFIQTLTTSSAPKYESPMDSCLALKTHSYFHGaTGVPLAFISSCFDVSEVSVKPSSASSLLPWYITSGPGAFSIvGEKCLGETTAQSAW YKGKTVLADTSLPVSASAGYSPTLGPSTHCANSYaTCALHYMPYyQSEPPNTQQYHSCFQNPW:T GPFKVSGSAhPLSTGSKGWVGVVSAMRGSAVPGVVSQTTLTeQQDNLRYLYLnVARSGSLKSYKGKLNRGSTPNVYHDVEGKPWKTECVGVFR,0
SGAGASRPPHLVFLLADDLGWNDVGFHGSRIRTPHLDALAAGGVLLDNYYTQPLCTPSRSQLLTGRYQIRTGLQHQIIWPCQPSCVPLDEKLLPQLLKEAGYTTHMVGKWHLGMYRKECLPTRRGFDTYFGYLLGSEDYYSHERCTLIDALNVTRCALDFRDGEEVATGYKNMYSTNIFTKRAIALITNHPPEKPLFLYLALQSVHEPLQVPEEYLKPYDFIQDKNRHHYAGMVSLMDEAVGNVTAALKSSGLWN,1
APARSPSPSTQPWEHVNAIQEALRLLNLSRDTAAEMNETVEVISEMFDLQEPTCLQTRLELYKQGLRGSLTKLKGPLTMMASHYKQHCPPTPETSCATQIITFESFKENLKDFLLVIPFDCWEPVQE,1
IGG1:PSALTQPPSASGSLGQSVTISCTGTSSDVGGYNYVSWYQQHAGKAPKVIIYEVNKRPSGVPDRFSGSKSGNTASLTVSGLQAEDEADYYCSSYEGSDNFVFGTGTKVTVLGQPKANPTVTLFPPSSEELQANKATEVCLISDFYPGAVTVAWKADGSPVKAGVETTKPSKQSNNKYAASSYLSLTPEQWKSHRSYSCQVTHEGSTVEKTVAPTECSPLVLQESGPGLVKPSEALSLTCTVSGDSINTILY,1
ANAFLEELRPGSLERECKEEQCSFEEAREIFKDAERTKLFWISYSDGDQCASSPCQNGGSCKDQLQSYICFCLPAFEGRNCETHKDDQLICVNENGGCEQYCSDHTGTKRSCRCHEGYSLLADGVSCTPTVEYPCGKIPILEKRNASKPQGRIVGGKVCPKGECPWQVLLLVNGAQLCGGTLINTIWVVSAAHCFDKIKNWRNLIAVLGEHDLSEHDGDEQSRRVAQVIIPSTYVPGTTNHDIALLRLHQPVVLT,1
DIQMTQSPSSLSASVGDRVTITCSASQDISNYLNWYQQKPGKAPKVLIYFTSSLHSGVPSRFSGSGSGTDFTLTISSLQPEDFATYYCQQYSTVPWTFGQGTKVEIKRTVAAPSVFIFPPSDEQLKSGTASVVCLLNNFYPREAKVQWKVDNALQSGNSQESVTEQDSKDSTYSLSSTLTLSKADYEKHKVYACEVTHQGLSSPVTKSFNRGEC,1
VEKGLLWSFKEALQLPDNCNAMLLCWCMQPCVFLPMTQQKGTVNHTKLMQKWACKYAIITMHTELPIMNKMRLRGAYIWEEDFTMFPSAWALPKFCNCELVSIMNWSWLLNTFISIWYGILRKYNDWRGEVQEFHESVFSVWVKPMQQPNIQWCGAMVFPIMAIGWRWRAFPVDAYSNANWQEFLCCADEMKHLQVIEMYQQCPAKYALCASHSDYQNDRVIRECIQANIEIVIVWRTSSGALIYSYDIWSPNYA,0
Heavy Chain Sequence QVQLVESGGGVVQPGRSLRLDCKASGITFSNSGMHWVRQAPGKGLEWVAVIWYDGSKRYY,1
VENVGELTTFCCTRKMAPRLECCHADMPCNYSM,0
CQLGSVV NLRGDNR;cQCFATCNTHKYDAYWVSCHIYRSAP:QHiVSYYKEIEAGShSCSDRDCCGDTAEYCE nQSATELTDLYESYHQGFILNAPSVPQKTPKVnTMPLEDCTQKCESCPSAPC CGVTNKAVEVICICMaKVKYHYAGCK:LPFLNCCFCRVCKEKSKTAPFICFTPB RCISiTNETGRPVSMTTRPTDChTV MTFYEaALTTKGHG,0
MRPSGRKSSKMQAFRIWDVNQKTFYLRNNQLVAGYLQGPNVNLEEKIDVVPIEPHALFLGIHGGKMCLSCVKSGDETRLQLEAVNITDLSENRKQDKRFAFIRSDSGPTTSFESAACPGWFLCTAMEADQPVSLTNMPDEGVMVTKFYFQEDE,1
MWTGLGPAVTLALVLVVAWATELKPTAPPIFTGRPFVVAWDVPTQDCGPRHKMPLDPKDMKAFDVQASPNEGFVNQNITIFYRDRLGMYPHFNSVGGSVHGGVPQNGSLWVHLEMLKGHVEHYIRTQEPAGLAVIDWEDWRPVWVRNWQDKDVYRRLSRQLVASHHPDWPPERIVKEAQYEFEFAARQFMLETLRFVKAFRPRHLWGFYLFPDCYNHDYVQNWETYTGRCPDVEVSRNDQLSWLWAESTALFPSV,1
YASCCKNLDSYFASFPWSCFQFPPTGSLMLMSSWALLLQSILYVTETHTGQTFRDGGPAEASEIELQDQLSKSPEASRNDSARPSPLPKLTNVSQYIPPNLRGYFDDLRVGRPQEPLPFAFVRRAAENDGVHAVWPLPEQLRVFSRTEEVTIPGLPAHTPPMYLTNLHPLVDGEVLTPPRDDEPHGTLASCAVPMLNHTRRFRTNPSTTACIMQLYKIFELYCPLTYADVARHGFATMQGKLQIGLTFTVQSGLN,0
